airport,object_id,kind,source_layer,label,left,top,right,bottom,width,height,bbox_area,poly_area,perimeter,centroid_x,centroid_y,aspect,num_anchors,subpath_count,closed,filled,fill_kind,fill_r,fill_g,fill_b,stroked,stroke_kind,stroke_r,stroke_g,stroke_b,stroke_width,principal_angle,principal_ratio,longest_segment_angle,longest_segment_length,artboard_left,artboard_top,artboard_right,artboard_bottom,hull_area
maz,0,path,,UNLABELED,162.81,282.61,217.46,260.44,54.65,22.17,1211.5911,432.1326,139.9714,190.135,271.525,2.465,31,1,0,1,rgb,207,207,207,0,none,,,,0.0,14.0044,22.4195,12.7828,47.2306,0.0,594.0,387.36,0.0,572.8119
maz,1,path,,UNLABELED,67.44,312.58,258.13,253.38,190.69,59.2,11288.8442,883.0547,533.5109,162.785,282.98,3.2211,140,1,0,1,rgb,207,207,207,0,none,,,,0.0,13.6515,102.6976,13.4722,64.2993,0.0,594.0,387.36,0.0,3418.2981
maz,2,path,,UNLABELED,66.57,332.54,325.27,266.8,258.7,65.74,17006.9368,1046.8227,534.1643,195.92,299.67,3.9352,4,1,0,1,rgb,0,0,0,0,none,,,,0.0,13.5026,4507.5835,13.5026,265.1078,0.0,594.0,387.36,0.0,1046.8227
maz,3,path,,UNLABELED,339.39,546.65,361.01,523.01,21.62,23.64,511.0967,511.0967,90.52,350.2,534.83,0.9146,5,1,0,0,none,,,,1,rgb,0,0,0,0.39,120.8901,1.4643,90.0,23.64,0.0,594.0,387.36,0.0,511.0967
maz,4,path,,UNLABELED,23.99,514.88,31.93,508.08,7.94,6.8,53.992,52.4136,27.686,27.96,511.48,1.1676,24,1,0,1,rgb,0,0,0,0,none,,,,0.0,22.1123,1.6217,0.0,5.76,0.0,594.0,387.36,0.0,52.6619
maz,5,compound,,UNLABELED,234.25,394.99,237.4,390.14,3.15,4.85,15.2776,5.7291,22.4506,235.825,392.565,0.6495,98,2,0,1,rgb,0,0,0,0,none,,,,0.0,90.0054,2.6334,105.0183,0.4245,0.0,594.0,387.36,0.0,12.1916
maz,6,path,,UNLABELED,238.14,390.82,238.82,390.14,0.68,0.68,0.4624,0.353,2.1208,238.48,390.48,1.0,17,1,0,1,rgb,0,0,0,0,none,,,,0.0,89.4955,1.0976,12.0943,0.1432,0.0,594.0,387.36,0.0,0.353
maz,7,path,,UNLABELED,240.13,394.82,241.44,390.23,1.31,4.59,6.0129,2.6698,11.5768,240.785,392.525,0.2854,7,1,0,1,rgb,0,0,0,0,none,,,,0.0,95.2858,22.8056,90.0,4.59,0.0,594.0,387.36,0.0,4.3018
maz,8,compound,,UNLABELED,243.21,394.83,245.29,392.76,2.08,2.07,4.3056,2.4148,10.021,244.25,393.795,1.0048,34,2,0,1,rgb,0,0,0,0,none,,,,0.0,90.1612,1.1232,169.4604,0.4374,0.0,594.0,387.36,0.0,3.363
maz,9,path,,UNLABELED,247.24,394.99,253.71,390.05,6.47,4.94,31.9618,9.0345,33.0821,250.475,392.52,1.3097,11,1,0,1,rgb,0,0,0,0,none,,,,0.0,153.0435,1.2652,112.0289,5.1457,0.0,594.0,387.36,0.0,22.2296
maz,10,compound,,UNLABELED,205.49,401.36,209.91,396.53,4.42,4.83,21.3486,5.9721,22.3323,207.7,398.945,0.9151,12,2,0,1,rgb,0,0,0,0,none,,,,0.0,90.2186,1.2367,114.5868,5.3116,0.0,594.0,387.36,0.0,10.6743
maz,11,path,,UNLABELED,210.31,401.34,214.31,396.34,4.0,5.0,20.0,7.4636,27.5151,212.31,398.84,0.8,9,1,0,1,rgb,0,0,0,0,none,,,,0.0,67.6248,1.7603,133.053,4.9951,0.0,594.0,387.36,0.0,19.18
maz,12,path,,UNLABELED,215.12,401.34,219.12,396.34,4.0,5.0,20.0,7.4644,27.5151,217.12,398.84,0.8,9,1,0,1,rgb,0,0,0,0,none,,,,0.0,67.5826,1.7601,132.969,4.9882,0.0,594.0,387.36,0.0,19.18
maz,13,path,,UNLABELED,219.85,401.12,223.25,396.44,3.4,4.68,15.9119,6.0285,22.1163,221.55,398.78,0.7265,51,1,0,1,rgb,0,0,0,0,none,,,,0.0,105.4777,1.3741,90.0,2.9,0.0,594.0,387.36,0.0,14.7245
maz,14,compound,,UNLABELED,223.52,401.36,227.95,396.53,4.43,4.83,21.3969,5.9903,22.3405,225.735,398.945,0.9172,12,2,0,1,rgb,0,0,0,0,none,,,,0.0,89.888,1.2328,65.3152,5.3158,0.0,594.0,387.36,0.0,10.6984
maz,15,path,,UNLABELED,228.34,401.12,230.34,396.53,2.0,4.59,9.18,3.468,13.18,229.34,398.825,0.4357,7,1,0,1,rgb,0,0,0,0,none,,,,0.0,100.5139,10.2443,90.0,4.59,0.0,594.0,387.36,0.0,6.324
maz,16,compound,,UNLABELED,232.47,401.12,235.38,396.53,2.91,4.59,13.3569,6.4404,23.471,233.925,398.825,0.634,45,2,0,1,rgb,0,0,0,0,none,,,,0.0,92.0693,3.0513,90.0,4.59,0.0,594.0,387.36,0.0,11.9514
maz,17,compound,,UNLABELED,235.29,401.36,239.72,396.53,4.43,4.83,21.3969,5.9903,22.3405,237.505,398.945,0.9172,12,2,0,1,rgb,0,0,0,0,none,,,,0.0,89.888,1.2328,65.3152,5.3158,0.0,594.0,387.36,0.0,10.6984
maz,18,path,,UNLABELED,239.7,401.12,242.49,396.53,2.79,4.59,12.8061,3.8709,14.76,241.095,398.825,0.6078,9,1,0,1,rgb,0,0,0,0,none,,,,0.0,89.2554,3.425,90.0,4.08,0.0,594.0,387.36,0.0,8.3385
maz,19,path,,UNLABELED,242.91,401.12,245.41,396.53,2.5,4.59,11.475,5.6183,21.7,244.16,398.825,0.5447,13,1,0,1,rgb,0,0,0,0,none,,,,0.0,82.4684,2.6593,90.0,4.59,0.0,594.0,387.36,0.0,11.475
maz,20,compound,,UNLABELED,247.53,401.29,252.38,396.44,4.85,4.85,23.5225,7.4854,27.0467,249.955,398.865,1.0,114,2,0,1,rgb,0,0,0,0,none,,,,0.0,89.9615,1.0723,128.42,0.3701,0.0,594.0,387.36,0.0,18.5087
maz,21,path,,UNLABELED,252.95,401.12,255.2,396.53,2.25,4.59,10.3275,4.3919,16.9,254.075,398.825,0.4902,11,1,0,1,rgb,0,0,0,0,none,,,,0.0,71.9494,3.9162,90.0,4.59,0.0,594.0,387.36,0.0,8.3248
maz,22,path,,UNLABELED,257.37,401.29,261.01,396.44,3.64,4.85,17.6541,5.1114,20.066,259.19,398.865,0.7505,75,1,0,1,rgb,0,0,0,0,none,,,,0.0,87.3298,2.3151,90.0,0.68,0.0,594.0,387.36,0.0,14.8911
maz,23,path,,UNLABELED,261.68,401.12,265.0,396.53,3.32,4.59,15.2388,6.5484,23.98,263.34,398.825,0.7233,13,1,0,1,rgb,0,0,0,0,none,,,,0.0,90.9713,2.0153,90.0,4.59,0.0,594.0,387.36,0.0,15.2388
maz,24,compound,,UNLABELED,265.3,401.36,269.73,396.53,4.43,4.83,21.3969,5.9902,22.3406,267.515,398.945,0.9172,12,2,0,1,rgb,0,0,0,0,none,,,,0.0,89.8879,1.2328,65.3152,5.3158,0.0,594.0,387.36,0.0,10.6984
maz,25,path,,UNLABELED,270.12,401.34,274.12,396.34,4.0,5.0,20.0,7.4644,27.5151,272.12,398.84,0.8,9,1,0,1,rgb,0,0,0,0,none,,,,0.0,67.5826,1.7601,132.969,4.9882,0.0,594.0,387.36,0.0,19.18
maz,26,path,,UNLABELED,274.68,401.29,279.11,396.44,4.43,4.85,21.4855,7.0442,26.8673,276.895,398.865,0.9134,100,1,0,1,rgb,0,0,0,0,none,,,,0.0,97.3853,1.442,0.0,1.77,0.0,594.0,387.36,0.0,17.1835
maz,27,path,,UNLABELED,279.72,401.12,282.22,396.53,2.5,4.59,11.475,5.6183,21.7,280.97,398.825,0.5447,13,1,0,1,rgb,0,0,0,0,none,,,,0.0,82.4684,2.6593,90.0,4.59,0.0,594.0,387.36,0.0,11.475
maz,28,path,,UNLABELED,222.66,407.42,224.66,402.74,2.0,4.68,9.36,3.233,12.3341,223.66,405.08,0.4274,31,1,0,1,rgb,0,0,0,0,none,,,,0.0,77.0995,7.8492,90.0,2.91,0.0,594.0,387.36,0.0,5.807
maz,29,compound,,UNLABELED,224.92,407.66,229.34,402.83,4.42,4.83,21.3486,5.9874,22.3124,227.13,405.245,0.9151,12,2,0,1,rgb,0,0,0,0,none,,,,0.0,90.2258,1.2406,65.4132,5.3116,0.0,594.0,387.36,0.0,10.6743
maz,30,path,,UNLABELED,229.74,407.64,233.74,402.64,4.0,5.0,20.0,7.4636,27.5151,231.74,405.14,0.8,9,1,0,1,rgb,0,0,0,0,none,,,,0.0,67.6248,1.7603,133.053,4.9951,0.0,594.0,387.36,0.0,19.18
maz,31,path,,UNLABELED,234.46,407.42,237.87,402.74,3.41,4.68,15.9588,6.0857,22.1188,236.165,405.08,0.7286,51,1,0,1,rgb,0,0,0,0,none,,,,0.0,105.6651,1.3739,90.0,2.9,0.0,594.0,387.36,0.0,14.7426
maz,32,compound,,UNLABELED,238.14,407.66,242.57,402.83,4.43,4.83,21.3969,5.9962,22.3465,240.355,405.245,0.9172,12,2,0,1,rgb,0,0,0,0,none,,,,0.0,90.3943,1.2342,114.6848,5.3158,0.0,594.0,387.36,0.0,10.6984
maz,33,compound,,UNLABELED,242.96,407.42,245.86,402.83,2.9,4.59,13.311,6.4473,23.4151,244.41,405.125,0.6318,45,2,0,1,rgb,0,0,0,0,none,,,,0.0,92.1096,3.0699,90.0,4.59,0.0,594.0,387.36,0.0,11.9096
maz,34,path,,UNLABELED,245.8,407.42,249.41,402.83,3.61,4.59,16.5699,4.3602,16.3881,247.605,405.125,0.7865,10,1,0,1,rgb,0,0,0,0,none,,,,0.0,89.447,3.1555,59.3677,2.9636,0.0,594.0,387.36,0.0,9.639
maz,35,path,,UNLABELED,251.44,407.59,254.38,402.83,2.94,4.76,13.9944,5.2034,20.6876,252.91,405.21,0.6176,47,1,0,1,rgb,0,0,0,0,none,,,,0.0,100.9706,1.9498,51.1736,3.2219,0.0,594.0,387.36,0.0,12.9676
maz,36,compound,,UNLABELED,254.86,407.59,258.01,402.74,3.15,4.85,15.2775,5.7297,22.4323,256.435,405.165,0.6495,98,2,0,1,rgb,0,0,0,0,none,,,,0.0,89.9932,2.6295,105.0163,0.4245,0.0,594.0,387.36,0.0,12.1797
maz,37,path,,UNLABELED,258.52,407.59,261.47,402.83,2.95,4.76,14.0419,5.2118,20.7199,259.995,405.21,0.6197,47,1,0,1,rgb,0,0,0,0,none,,,,0.0,100.9012,1.9503,51.1736,3.2219,0.0,594.0,387.36,0.0,12.997
maz,38,path,,UNLABELED,261.93,407.42,265.01,402.74,3.08,4.68,14.4143,5.1227,20.6987,263.47,405.08,0.6581,67,1,0,1,rgb,0,0,0,0,none,,,,0.0,71.1901,2.6002,73.2564,2.4645,0.0,594.0,387.36,0.0,11.1106
maz,39,compound,,UNLABELED,26.38,513.76,29.95,509.16,3.57,4.6,16.422,6.9867,24.7849,28.165,511.46,0.7761,72,2,0,1,rgb,255,255,255,0,none,,,,0.0,88.7701,2.7495,90.0,4.6,0.0,594.0,387.36,0.0,14.1505
maz,40,path,,UNLABELED,83.42,268.43,86.93,260.09,3.51,8.34,29.2734,13.3045,10.1291,85.175,264.26,0.4209,5,1,0,0,none,,,,1,rgb,0,0,0,0.42,103.4972,10.0642,89.0978,2.5403,0.0,594.0,387.36,0.0,13.3045
maz,41,path,,UNLABELED,81.9,268.43,85.42,260.09,3.52,8.34,29.3568,13.3407,10.1365,83.66,264.26,0.4221,5,1,0,0,none,,,,1,rgb,0,0,0,0.42,103.4869,10.0022,147.0612,2.538,0.0,594.0,387.36,0.0,13.3407
maz,42,path,,UNLABELED,81.41,276.77,84.93,268.43,3.52,8.34,29.3568,13.3099,10.1315,83.17,272.6,0.4221,5,1,0,0,none,,,,1,rgb,0,0,0,0.42,103.5377,10.0533,147.0613,2.538,0.0,594.0,387.36,0.0,13.3099
maz,43,path,,UNLABELED,79.41,285.1,82.93,276.77,3.52,8.33,29.3215,13.34,10.1311,81.17,280.935,0.4226,5,1,0,0,none,,,,1,rgb,0,0,0,0.42,103.485,9.9739,117.9796,2.5365,0.0,594.0,387.36,0.0,13.34
maz,44,path,,UNLABELED,79.9,276.77,83.42,268.43,3.52,8.34,29.3568,13.3091,10.1314,81.66,272.6,0.4221,5,1,0,0,none,,,,1,rgb,0,0,0,0.42,103.5226,10.0264,147.0612,2.538,0.0,594.0,387.36,0.0,13.3091
maz,45,path,,UNLABELED,77.9,285.1,81.41,276.77,3.51,8.33,29.2383,13.258,10.1143,79.655,280.935,0.4214,5,1,0,0,none,,,,1,rgb,0,0,0,0.42,103.4925,10.0636,88.8679,2.5305,0.0,594.0,387.36,0.0,13.258
maz,46,path,,UNLABELED,243.9,483.17,243.9,413.28,0.0,69.89,0.0,0.0,69.89,243.9,448.225,0.0,2,1,0,0,none,,,,1,rgb,0,0,0,0.39,90.0,1000000.0,90.0,69.89,0.0,594.0,387.36,0.0,0.0
maz,47,path,,UNLABELED,223.79,478.78,243.9,413.28,20.11,65.5,1317.205,0.0,68.5176,233.845,446.03,0.307,2,1,0,0,none,,,,1,rgb,0,0,0,0.39,107.0677,1000000.0,107.0677,68.5176,0.0,594.0,387.36,0.0,0.0
maz,48,path,,UNLABELED,223.79,478.78,226.6,469.63,2.81,9.15,25.7115,8.0744,18.0215,225.195,474.205,0.3071,10,1,0,1,rgb,0,0,0,0,none,,,,0.0,101.4949,27.506,107.0719,9.5718,0.0,594.0,387.36,0.0,10.0055
maz,49,path,,UNLABELED,241.45,484.83,246.35,474.17,4.9,10.66,52.234,22.7539,20.4285,243.9,479.5,0.4597,6,1,0,1,rgb,0,0,0,0,none,,,,0.0,90.1158,5.0378,77.4579,4.651,0.0,594.0,387.36,0.0,26.117
maz,50,path,,UNLABELED,225.75,458.15,229.76,455.21,4.01,2.94,11.7894,2.9659,14.62,227.755,456.68,1.3639,7,1,0,1,rgb,0,0,0,0,none,,,,0.0,24.7438,1.9219,174.5868,4.028,0.0,594.0,387.36,0.0,5.7218
maz,51,compound,,UNLABELED,226.36,454.23,230.41,450.97,4.05,3.26,13.203,3.5625,17.1722,228.385,452.6,1.2423,12,2,0,1,rgb,0,0,0,0,none,,,,0.0,17.532,1.2338,41.7267,4.0867,0.0,594.0,387.36,0.0,6.3333
maz,52,compound,,UNLABELED,227.45,451.72,231.14,448.55,3.69,3.17,11.6973,3.7879,18.0535,229.295,450.135,1.164,45,2,0,1,rgb,0,0,0,0,none,,,,0.0,19.1922,3.0637,17.1026,3.5364,0.0,594.0,387.36,0.0,7.055
maz,53,path,,UNLABELED,229.25,446.33,232.74,444.44,3.49,1.89,6.5961,1.587,8.9149,230.995,445.385,1.8466,7,1,0,1,rgb,0,0,0,0,none,,,,0.0,22.342,22.8851,17.1028,3.5364,0.0,594.0,387.36,0.0,2.5548
maz,54,path,,UNLABELED,229.97,443.86,233.66,441.27,3.69,2.59,9.5571,2.9828,15.716,231.815,442.565,1.4247,98,1,0,1,rgb,0,0,0,0,none,,,,0.0,16.4553,3.6775,107.1973,0.4397,0.0,594.0,387.36,0.0,7.0353
maz,55,path,,UNLABELED,230.62,440.43,231.14,439.91,0.52,0.52,0.2704,0.2103,1.6373,230.88,440.17,1.0,17,1,0,1,rgb,0,0,0,0,none,,,,0.0,11.4306,1.0931,5.1916,0.1105,0.0,594.0,387.36,0.0,0.2103
maz,56,path,,UNLABELED,230.97,439.97,234.87,437.05,3.9,2.92,11.388,3.0882,15.9467,232.92,438.51,1.3356,47,1,0,1,rgb,0,0,0,0,none,,,,0.0,28.0045,1.9531,158.1982,2.4772,0.0,594.0,387.36,0.0,7.6837
maz,57,compound,,UNLABELED,233.82,437.47,235.42,435.87,1.6,1.6,2.56,1.4284,7.7063,234.62,436.67,1.0,34,2,0,1,rgb,0,0,0,0,none,,,,0.0,16.9033,1.1167,116.5662,0.3354,0.0,594.0,387.36,0.0,1.9888
maz,58,path,,UNLABELED,233.38,433.4,237.91,428.64,4.53,4.76,21.5629,5.3294,25.4558,235.645,431.02,0.9517,11,1,0,1,rgb,0,0,0,0,none,,,,0.0,80.5003,1.265,175.068,3.9546,0.0,594.0,387.36,0.0,13.1648
maz,59,path,,UNLABELED,18.04,549.11,369.32,44.72,351.28,504.39,177182.1276,177182.1276,1711.34,193.68,296.915,0.6964,5,1,0,0,none,,,,1,rgb,0,0,0,0.39,102.133,2.2278,90.0,504.39,0.0,594.0,387.36,0.0,177182.1276
maz,60,path,,UNLABELED,195.45,270.61,200.63,267.37,5.18,3.24,16.7831,10.9623,11.8587,198.04,268.99,1.5988,4,1,0,1,rgb,0,0,0,0,none,,,,0.0,11.9741,4.3687,12.1781,4.7877,0.0,594.0,387.36,0.0,10.9623
maz,61,path,,UNLABELED,170.37,265.21,186.22,257.28,15.85,7.93,125.6904,70.3687,40.9577,178.295,261.245,1.9987,10,1,0,1,rgb,0,0,0,0,none,,,,0.0,12.9919,20.2333,13.3244,15.6205,0.0,594.0,387.36,0.0,73.2129
maz,62,path,,UNLABELED,362.25,190.13,369.24,190.13,6.99,0.0,0.0,0.0,6.99,365.745,190.13,0.0,2,1,0,0,none,,,,1,rgb,0,0,0,0.39,0.0,1000000.0,0.0,6.99,0.0,594.0,387.36,0.0,0.0
maz,63,path,,UNLABELED,17.76,190.13,328.53,190.13,310.77,0.0,0.0,0.0,310.77,173.145,190.13,0.0,2,1,0,0,none,,,,1,rgb,0,0,0,0.39,0.0,1000000.0,0.0,310.77,0.0,594.0,387.36,0.0,0.0
maz,64,path,,UNLABELED,361.53,511.18,369.39,511.18,7.86,0.0,0.0,0.0,7.86,365.46,511.18,0.0,2,1,0,0,none,,,,1,rgb,0,0,0,0.39,0.0,1000000.0,0.0,7.86,0.0,594.0,387.36,0.0,0.0
maz,65,path,,UNLABELED,51.21,511.18,327.67,511.18,276.46,0.0,0.0,0.0,276.46,189.44,511.18,0.0,2,1,0,0,none,,,,1,rgb,0,0,0,0.39,0.0,1000000.0,0.0,276.46,0.0,594.0,387.36,0.0,0.0
maz,66,path,,UNLABELED,363.12,350.65,368.6,350.65,5.48,0.0,0.0,0.0,5.48,365.86,350.65,0.0,2,1,0,0,none,,,,1,rgb,0,0,0,0.39,0.0,1000000.0,0.0,5.48,0.0,594.0,387.36,0.0,0.0
maz,67,path,,UNLABELED,18.04,350.65,329.4,350.65,311.36,0.0,0.0,0.0,311.36,173.72,350.65,0.0,2,1,0,0,none,,,,1,rgb,0,0,0,0.39,0.0,1000000.0,0.0,311.36,0.0,594.0,387.36,0.0,0.0
maz,68,path,,UNLABELED,111.87,287.17,118.28,285.52,6.41,1.65,10.5765,0.0,6.619,115.075,286.345,3.8849,2,1,0,0,none,,,,1,rgb,0,0,0,0.39,14.4351,1000000.0,14.4351,6.619,0.0,594.0,387.36,0.0,0.0
maz,69,path,,UNLABELED,117.56,287.9,121.02,286.38,3.46,1.52,5.2592,2.1061,4.7743,119.29,287.14,2.2763,4,1,0,1,rgb,0,0,0,0,none,,,,0.0,15.3042,10.3495,4.7912,3.4721,0.0,594.0,387.36,0.0,2.1801
maz,70,path,,UNLABELED,271.03,326.1,279.89,324.01,8.86,2.09,18.5173,0.0,9.1032,275.46,325.055,4.2392,2,1,0,0,none,,,,1,rgb,0,0,0,0.39,13.273,1000000.0,13.273,9.1032,0.0,594.0,387.36,0.0,0.0
maz,71,path,,UNLABELED,268.65,324.87,272.11,323.58,3.46,1.29,4.4634,2.0265,4.7502,270.38,324.225,2.6821,4,1,0,1,rgb,0,0,0,0,none,,,,0.0,11.3519,10.6344,1.1591,3.4607,0.0,594.0,387.36,0.0,2.1207
maz,72,path,,UNLABELED,167.81,548.68,167.81,153.52,0.0,395.16,0.0,0.0,395.16,167.81,351.1,0.0,2,1,0,0,none,,,,1,rgb,0,0,0,0.39,90.0,1000000.0,90.0,395.16,0.0,594.0,387.36,0.0,0.0
maz,73,path,,UNLABELED,138.45,245.61,143.71,240.71,5.26,4.9,25.7739,11.9426,15.8004,141.08,243.16,1.0735,10,1,0,1,rgb,0,0,0,0,none,,,,0.0,178.5765,1.0439,85.5526,1.8054,0.0,594.0,387.36,0.0,17.6542
maz,74,path,,UNLABELED,140.15,243.91,142.08,241.98,1.93,1.93,3.7249,2.6441,5.9201,141.115,242.945,1.0,9,1,0,1,rgb,255,255,255,0,none,,,,0.0,179.7777,1.2208,112.087,0.7446,0.0,594.0,387.36,0.0,2.6441
maz,75,path,,UNLABELED,290.63,193.01,290.63,190.13,0.0,2.88,0.0,0.0,2.88,290.63,191.57,0.0,2,1,0,0,none,,,,1,rgb,0,0,0,0.39,90.0,1000000.0,90.0,2.88,0.0,594.0,387.36,0.0,0.0
maz,76,path,,UNLABELED,260.01,193.01,260.01,190.13,0.0,2.88,0.0,0.0,2.88,260.01,191.57,0.0,2,1,0,0,none,,,,1,rgb,0,0,0,0.39,90.0,1000000.0,90.0,2.88,0.0,594.0,387.36,0.0,0.0
maz,77,path,,UNLABELED,229.38,193.01,229.38,190.13,0.0,2.88,0.0,0.0,2.88,229.38,191.57,0.0,2,1,0,0,none,,,,1,rgb,0,0,0,0.39,90.0,1000000.0,90.0,2.88,0.0,594.0,387.36,0.0,0.0
maz,78,path,,UNLABELED,198.76,193.01,198.76,190.13,0.0,2.88,0.0,0.0,2.88,198.76,191.57,0.0,2,1,0,0,none,,,,1,rgb,0,0,0,0.39,90.0,1000000.0,90.0,2.88,0.0,594.0,387.36,0.0,0.0
maz,79,path,,UNLABELED,137.51,193.01,137.51,190.13,0.0,2.88,0.0,0.0,2.88,137.51,191.57,0.0,2,1,0,0,none,,,,1,rgb,0,0,0,0.39,90.0,1000000.0,90.0,2.88,0.0,594.0,387.36,0.0,0.0
maz,80,path,,UNLABELED,106.89,193.01,106.89,190.13,0.0,2.88,0.0,0.0,2.88,106.89,191.57,0.0,2,1,0,0,none,,,,1,rgb,0,0,0,0.39,90.0,1000000.0,90.0,2.88,0.0,594.0,387.36,0.0,0.0
maz,81,path,,UNLABELED,76.27,193.01,76.27,190.13,0.0,2.88,0.0,0.0,2.88,76.27,191.57,0.0,2,1,0,0,none,,,,1,rgb,0,0,0,0.39,90.0,1000000.0,90.0,2.88,0.0,594.0,387.36,0.0,0.0
maz,82,path,,UNLABELED,45.64,193.01,45.64,190.13,0.0,2.88,0.0,0.0,2.88,45.64,191.57,0.0,2,1,0,0,none,,,,1,rgb,0,0,0,0.39,90.0,1000000.0,90.0,2.88,0.0,594.0,387.36,0.0,0.0
maz,83,path,,UNLABELED,45.64,353.53,45.64,350.65,0.0,2.88,0.0,0.0,2.88,45.64,352.09,0.0,2,1,0,0,none,,,,1,rgb,0,0,0,0.39,90.0,1000000.0,90.0,2.88,0.0,594.0,387.36,0.0,0.0
maz,84,path,,UNLABELED,76.27,353.53,76.27,350.65,0.0,2.88,0.0,0.0,2.88,76.27,352.09,0.0,2,1,0,0,none,,,,1,rgb,0,0,0,0.39,90.0,1000000.0,90.0,2.88,0.0,594.0,387.36,0.0,0.0
maz,85,path,,UNLABELED,106.89,353.53,106.89,350.65,0.0,2.88,0.0,0.0,2.88,106.89,352.09,0.0,2,1,0,0,none,,,,1,rgb,0,0,0,0.39,90.0,1000000.0,90.0,2.88,0.0,594.0,387.36,0.0,0.0
maz,86,path,,UNLABELED,137.51,353.53,137.51,350.65,0.0,2.88,0.0,0.0,2.88,137.51,352.09,0.0,2,1,0,0,none,,,,1,rgb,0,0,0,0.39,90.0,1000000.0,90.0,2.88,0.0,594.0,387.36,0.0,0.0
maz,87,path,,UNLABELED,198.76,353.53,198.76,350.65,0.0,2.88,0.0,0.0,2.88,198.76,352.09,0.0,2,1,0,0,none,,,,1,rgb,0,0,0,0.39,90.0,1000000.0,90.0,2.88,0.0,594.0,387.36,0.0,0.0
maz,88,path,,UNLABELED,260.01,353.53,260.01,350.65,0.0,2.88,0.0,0.0,2.88,260.01,352.09,0.0,2,1,0,0,none,,,,1,rgb,0,0,0,0.39,90.0,1000000.0,90.0,2.88,0.0,594.0,387.36,0.0,0.0
maz,89,path,,UNLABELED,229.38,353.53,229.38,350.65,0.0,2.88,0.0,0.0,2.88,229.38,352.09,0.0,2,1,0,0,none,,,,1,rgb,0,0,0,0.39,90.0,1000000.0,90.0,2.88,0.0,594.0,387.36,0.0,0.0
maz,90,path,,UNLABELED,290.56,353.53,290.56,350.65,0.0,2.88,0.0,0.0,2.88,290.56,352.09,0.0,2,1,0,0,none,,,,1,rgb,0,0,0,0.39,90.0,1000000.0,90.0,2.88,0.0,594.0,387.36,0.0,0.0
maz,91,path,,UNLABELED,290.56,514.06,290.56,511.18,0.0,2.88,0.0,0.0,2.88,290.56,512.62,0.0,2,1,0,0,none,,,,1,rgb,0,0,0,0.39,90.0,1000000.0,90.0,2.88,0.0,594.0,387.36,0.0,0.0
maz,92,path,,UNLABELED,260.01,514.06,260.01,511.18,0.0,2.88,0.0,0.0,2.88,260.01,512.62,0.0,2,1,0,0,none,,,,1,rgb,0,0,0,0.39,90.0,1000000.0,90.0,2.88,0.0,594.0,387.36,0.0,0.0
maz,93,path,,UNLABELED,229.38,514.06,229.38,511.18,0.0,2.88,0.0,0.0,2.88,229.38,512.62,0.0,2,1,0,0,none,,,,1,rgb,0,0,0,0.39,90.0,1000000.0,90.0,2.88,0.0,594.0,387.36,0.0,0.0
maz,94,path,,UNLABELED,198.76,514.06,198.76,511.18,0.0,2.88,0.0,0.0,2.88,198.76,512.62,0.0,2,1,0,0,none,,,,1,rgb,0,0,0,0.39,90.0,1000000.0,90.0,2.88,0.0,594.0,387.36,0.0,0.0
maz,95,path,,UNLABELED,137.51,514.06,137.51,511.18,0.0,2.88,0.0,0.0,2.88,137.51,512.62,0.0,2,1,0,0,none,,,,1,rgb,0,0,0,0.39,90.0,1000000.0,90.0,2.88,0.0,594.0,387.36,0.0,0.0
maz,96,path,,UNLABELED,106.89,514.06,106.89,511.18,0.0,2.88,0.0,0.0,2.88,106.89,512.62,0.0,2,1,0,0,none,,,,1,rgb,0,0,0,0.39,90.0,1000000.0,90.0,2.88,0.0,594.0,387.36,0.0,0.0
maz,97,path,,UNLABELED,76.27,514.06,76.27,511.18,0.0,2.88,0.0,0.0,2.88,76.27,512.62,0.0,2,1,0,0,none,,,,1,rgb,0,0,0,0.39,90.0,1000000.0,90.0,2.88,0.0,594.0,387.36,0.0,0.0
maz,98,path,,UNLABELED,318.37,158.06,321.25,158.06,2.88,0.0,0.0,0.0,2.88,319.81,158.06,0.0,2,1,0,0,none,,,,1,rgb,0,0,0,0.39,0.0,1000000.0,0.0,2.88,0.0,594.0,387.36,0.0,0.0
maz,99,path,,UNLABELED,318.37,126.0,321.25,126.0,2.88,0.0,0.0,0.0,2.88,319.81,126.0,0.0,2,1,0,0,none,,,,1,rgb,0,0,0,0.39,0.0,1000000.0,0.0,2.88,0.0,594.0,387.36,0.0,0.0
maz,100,path,,UNLABELED,318.37,93.93,321.25,93.93,2.88,0.0,0.0,0.0,2.88,319.81,93.93,0.0,2,1,0,0,none,,,,1,rgb,0,0,0,0.39,0.0,1000000.0,0.0,2.88,0.0,594.0,387.36,0.0,0.0
maz,101,path,,UNLABELED,318.37,61.94,321.25,61.94,2.88,0.0,0.0,0.0,2.88,319.81,61.94,0.0,2,1,0,0,none,,,,1,rgb,0,0,0,0.39,0.0,1000000.0,0.0,2.88,0.0,594.0,387.36,0.0,0.0
maz,102,path,,UNLABELED,318.37,222.12,321.25,222.12,2.88,0.0,0.0,0.0,2.88,319.81,222.12,0.0,2,1,0,0,none,,,,1,rgb,0,0,0,0.39,0.0,1000000.0,0.0,2.88,0.0,594.0,387.36,0.0,0.0
maz,103,path,,UNLABELED,318.3,254.19,321.18,254.19,2.88,0.0,0.0,0.0,2.88,319.74,254.19,0.0,2,1,0,0,none,,,,1,rgb,0,0,0,0.39,0.0,1000000.0,0.0,2.88,0.0,594.0,387.36,0.0,0.0
maz,104,path,,UNLABELED,318.3,286.25,321.18,286.25,2.88,0.0,0.0,0.0,2.88,319.74,286.25,0.0,2,1,0,0,none,,,,1,rgb,0,0,0,0.39,0.0,1000000.0,0.0,2.88,0.0,594.0,387.36,0.0,0.0
maz,105,path,,UNLABELED,318.3,318.32,321.18,318.32,2.88,0.0,0.0,0.0,2.88,319.74,318.32,0.0,2,1,0,0,none,,,,1,rgb,0,0,0,0.39,0.0,1000000.0,0.0,2.88,0.0,594.0,387.36,0.0,0.0
maz,106,path,,UNLABELED,318.3,382.37,321.18,382.37,2.88,0.0,0.0,0.0,2.88,319.74,382.37,0.0,2,1,0,0,none,,,,1,rgb,0,0,0,0.39,0.0,1000000.0,0.0,2.88,0.0,594.0,387.36,0.0,0.0
maz,107,path,,UNLABELED,318.3,414.44,321.18,414.44,2.88,0.0,0.0,0.0,2.88,319.74,414.44,0.0,2,1,0,0,none,,,,1,rgb,0,0,0,0.39,0.0,1000000.0,0.0,2.88,0.0,594.0,387.36,0.0,0.0
maz,108,path,,UNLABELED,318.3,446.43,321.18,446.43,2.88,0.0,0.0,0.0,2.88,319.74,446.43,0.0,2,1,0,0,none,,,,1,rgb,0,0,0,0.39,0.0,1000000.0,0.0,2.88,0.0,594.0,387.36,0.0,0.0
maz,109,path,,UNLABELED,318.3,478.5,321.18,478.5,2.88,0.0,0.0,0.0,2.88,319.74,478.5,0.0,2,1,0,0,none,,,,1,rgb,0,0,0,0.39,0.0,1000000.0,0.0,2.88,0.0,594.0,387.36,0.0,0.0
maz,110,path,,UNLABELED,164.92,478.5,167.81,478.5,2.89,0.0,0.0,0.0,2.89,166.365,478.5,0.0,2,1,0,0,none,,,,1,rgb,0,0,0,0.39,0.0,1000000.0,0.0,2.89,0.0,594.0,387.36,0.0,0.0
maz,111,path,,UNLABELED,164.92,446.43,167.81,446.43,2.89,0.0,0.0,0.0,2.89,166.365,446.43,0.0,2,1,0,0,none,,,,1,rgb,0,0,0,0.39,0.0,1000000.0,0.0,2.89,0.0,594.0,387.36,0.0,0.0
maz,112,path,,UNLABELED,164.92,414.44,167.81,414.44,2.89,0.0,0.0,0.0,2.89,166.365,414.44,0.0,2,1,0,0,none,,,,1,rgb,0,0,0,0.39,0.0,1000000.0,0.0,2.89,0.0,594.0,387.36,0.0,0.0
maz,113,path,,UNLABELED,164.92,382.37,167.81,382.37,2.89,0.0,0.0,0.0,2.89,166.365,382.37,0.0,2,1,0,0,none,,,,1,rgb,0,0,0,0.39,0.0,1000000.0,0.0,2.89,0.0,594.0,387.36,0.0,0.0
maz,114,path,,UNLABELED,164.92,318.24,167.81,318.24,2.89,0.0,0.0,0.0,2.89,166.365,318.24,0.0,2,1,0,0,none,,,,1,rgb,0,0,0,0.39,0.0,1000000.0,0.0,2.89,0.0,594.0,387.36,0.0,0.0
maz,115,path,,UNLABELED,164.92,286.25,167.81,286.25,2.89,0.0,0.0,0.0,2.89,166.365,286.25,0.0,2,1,0,0,none,,,,1,rgb,0,0,0,0.39,0.0,1000000.0,0.0,2.89,0.0,594.0,387.36,0.0,0.0
maz,116,path,,UNLABELED,164.92,254.19,167.81,254.19,2.89,0.0,0.0,0.0,2.89,166.365,254.19,0.0,2,1,0,0,none,,,,1,rgb,0,0,0,0.39,0.0,1000000.0,0.0,2.89,0.0,594.0,387.36,0.0,0.0
maz,117,path,,UNLABELED,164.92,222.12,167.81,222.12,2.89,0.0,0.0,0.0,2.89,166.365,222.12,0.0,2,1,0,0,none,,,,1,rgb,0,0,0,0.39,0.0,1000000.0,0.0,2.89,0.0,594.0,387.36,0.0,0.0
maz,118,path,,UNLABELED,164.92,158.06,167.81,158.06,2.89,0.0,0.0,0.0,2.89,166.365,158.06,0.0,2,1,0,0,none,,,,1,rgb,0,0,0,0.39,0.0,1000000.0,0.0,2.89,0.0,594.0,387.36,0.0,0.0
maz,119,path,,UNLABELED,164.92,126.0,167.81,126.0,2.89,0.0,0.0,0.0,2.89,166.365,126.0,0.0,2,1,0,0,none,,,,1,rgb,0,0,0,0.39,0.0,1000000.0,0.0,2.89,0.0,594.0,387.36,0.0,0.0
maz,120,path,,UNLABELED,164.92,93.93,167.81,93.93,2.89,0.0,0.0,0.0,2.89,166.365,93.93,0.0,2,1,0,0,none,,,,1,rgb,0,0,0,0.39,0.0,1000000.0,0.0,2.89,0.0,594.0,387.36,0.0,0.0
maz,121,path,,UNLABELED,164.92,61.94,167.81,61.94,2.89,0.0,0.0,0.0,2.89,166.365,61.94,0.0,2,1,0,0,none,,,,1,rgb,0,0,0,0.39,0.0,1000000.0,0.0,2.89,0.0,594.0,387.36,0.0,0.0
maz,122,path,,UNLABELED,167.81,48.2,167.81,44.72,0.0,3.48,0.0,0.0,3.48,167.81,46.46,0.0,2,1,0,0,none,,,,1,rgb,0,0,0,0.39,90.0,1000000.0,90.0,3.48,0.0,594.0,387.36,0.0,0.0
maz,123,path,,UNLABELED,321.18,49.15,321.18,44.72,0.0,4.43,0.0,0.0,4.43,321.18,46.935,0.0,2,1,0,0,none,,,,1,rgb,0,0,0,0.39,90.0,1000000.0,90.0,4.43,0.0,594.0,387.36,0.0,0.0
maz,124,path,,UNLABELED,167.81,153.02,167.81,58.91,0.0,94.11,0.0,0.0,94.11,167.81,105.965,0.0,2,1,0,0,none,,,,1,rgb,0,0,0,0.39,90.0,1000000.0,90.0,94.11,0.0,594.0,387.36,0.0,0.0
maz,125,path,,UNLABELED,321.18,549.11,321.18,59.42,0.0,489.69,0.0,0.0,489.69,321.18,304.265,0.0,2,1,0,0,none,,,,1,rgb,0,0,0,0.39,90.0,1000000.0,90.0,489.69,0.0,594.0,387.36,0.0,0.0
maz,126,compound,,UNLABELED,17.86,563.63,27.39,553.22,9.53,10.41,99.2073,27.8072,48.1093,22.625,558.425,0.9155,12,2,0,1,rgb,0,0,0,0,none,,,,0.0,90.1872,1.2372,65.3821,11.4508,0.0,594.0,387.36,0.0,49.6037
maz,127,path,,UNLABELED,28.24,563.12,29.53,553.22,1.29,9.9,12.771,12.771,22.38,28.885,558.17,0.1303,5,1,0,1,rgb,0,0,0,0,none,,,,0.0,88.735,60.6377,90.0,9.9,0.0,594.0,387.36,0.0,12.771
maz,128,compound,,UNLABELED,31.3,563.12,37.56,553.22,6.26,9.9,61.974,29.9051,50.563,34.43,558.17,0.6323,45,2,0,1,rgb,0,0,0,0,none,,,,0.0,92.1024,3.0619,90.0,9.9,0.0,594.0,387.36,0.0,55.3912
maz,129,compound,,UNLABELED,38.47,563.12,43.97,553.22,5.5,9.9,54.45,23.8452,39.991,41.22,558.17,0.5556,52,2,0,1,rgb,0,0,0,0,none,,,,0.0,79.1587,2.5535,90.0,9.9,0.0,594.0,387.36,0.0,39.7408
maz,130,compound,,UNLABELED,44.27,563.48,54.73,553.03,10.46,10.45,109.307,34.7753,58.2608,49.5,558.255,1.001,114,2,0,1,rgb,0,0,0,0,none,,,,0.0,89.9267,1.0731,117.8598,0.7918,0.0,594.0,387.36,0.0,85.9196
maz,131,compound,,UNLABELED,55.94,563.12,62.19,553.22,6.25,9.9,61.875,29.8342,50.5502,59.065,558.17,0.6313,45,2,0,1,rgb,0,0,0,0,none,,,,0.0,92.1171,3.057,90.0,9.9,0.0,594.0,387.36,0.0,55.347
maz,132,path,,UNLABELED,62.21,563.12,68.22,553.22,6.01,9.9,59.499,17.875,31.82,65.215,558.17,0.6071,9,1,0,1,rgb,0,0,0,0,none,,,,0.0,89.3521,3.4361,90.0,8.8,0.0,594.0,387.36,0.0,38.687
maz,133,compound,,UNLABELED,72.94,563.12,80.64,553.22,7.7,9.9,76.23,32.5687,53.3777,76.79,558.17,0.7778,72,2,0,1,rgb,0,0,0,0,none,,,,0.0,88.7964,2.7435,90.0,9.9,0.0,594.0,387.36,0.0,65.7572
maz,134,path,,UNLABELED,81.72,563.12,83.01,553.22,1.29,9.9,12.771,12.771,22.38,82.365,558.17,0.1303,5,1,0,1,rgb,0,0,0,0,none,,,,0.0,88.735,60.6375,90.0,9.9,0.0,594.0,387.36,0.0,12.771
maz,135,compound,,UNLABELED,83.69,563.63,93.22,553.22,9.53,10.41,99.2074,27.8072,48.1093,88.455,558.425,0.9155,12,2,0,1,rgb,0,0,0,0,none,,,,0.0,90.3002,1.2372,114.6179,11.4508,0.0,594.0,387.36,0.0,49.6037
maz,136,path,,UNLABELED,93.52,563.48,103.05,553.03,9.53,10.45,99.5886,32.6909,57.8643,98.285,558.255,0.912,100,1,0,1,rgb,0,0,0,0,none,,,,0.0,97.395,1.4419,0.0,3.8,0.0,594.0,387.36,0.0,79.6836
maz,137,compound,,UNLABELED,104.37,563.12,110.62,553.22,6.25,9.9,61.875,29.8305,50.5374,107.495,558.17,0.6313,45,2,0,1,rgb,0,0,0,0,none,,,,0.0,92.13,3.0642,90.0,9.9,0.0,594.0,387.36,0.0,55.3312
maz,138,compound,,UNLABELED,110.44,563.63,119.97,553.22,9.53,10.41,99.2074,27.8072,48.1093,115.205,558.425,0.9155,12,2,0,1,rgb,0,0,0,0,none,,,,0.0,90.3002,1.2372,114.6179,11.4508,0.0,594.0,387.36,0.0,49.6037
maz,139,path,,UNLABELED,120.07,563.68,130.98,553.03,10.91,10.65,116.1915,38.5518,69.5528,125.525,558.355,1.0244,13,1,0,1,rgb,0,0,0,0,none,,,,0.0,89.8723,1.3841,101.0358,10.6571,0.0,594.0,387.36,0.0,93.869
maz,140,compound,,UNLABELED,17.86,40.94,27.39,30.52,9.53,10.42,99.3024,27.7975,48.1458,22.625,35.73,0.9146,12,2,0,1,rgb,0,0,0,0,none,,,,0.0,90.1502,1.2398,65.4029,11.4599,0.0,594.0,387.36,0.0,49.6512
maz,141,path,,UNLABELED,28.24,40.42,29.53,30.52,1.29,9.9,12.771,12.771,22.38,28.885,35.47,0.1303,5,1,0,1,rgb,0,0,0,0,none,,,,0.0,88.735,60.638,90.0,9.9,0.0,594.0,387.36,0.0,12.771
maz,142,compound,,UNLABELED,31.3,40.42,37.56,30.52,6.26,9.9,61.9738,29.9029,50.5923,34.43,35.47,0.6323,45,2,0,1,rgb,0,0,0,0,none,,,,0.0,92.1041,3.0652,90.0,9.9,0.0,594.0,387.36,0.0,55.4181
maz,143,compound,,UNLABELED,38.47,40.42,43.97,30.52,5.5,9.9,54.4498,23.8395,39.9964,41.22,35.47,0.5556,52,2,0,1,rgb,0,0,0,0,none,,,,0.0,79.1334,2.5542,90.0,9.9,0.0,594.0,387.36,0.0,39.7444
maz,144,compound,,UNLABELED,44.27,40.79,54.73,30.34,10.46,10.45,109.3071,34.776,58.2528,49.5,35.565,1.001,114,2,0,1,rgb,0,0,0,0,none,,,,0.0,89.9262,1.0726,117.8594,0.7918,0.0,594.0,387.36,0.0,85.9022
maz,145,compound,,UNLABELED,55.94,40.42,62.19,30.52,6.25,9.9,61.8748,29.8321,50.5796,59.065,35.47,0.6313,45,2,0,1,rgb,0,0,0,0,none,,,,0.0,92.1189,3.0602,90.0,9.9,0.0,594.0,387.36,0.0,55.3739
maz,146,path,,UNLABELED,62.21,40.42,68.22,30.52,6.01,9.9,59.4992,17.8278,31.8201,65.215,35.47,0.6071,9,1,0,1,rgb,0,0,0,0,none,,,,0.0,89.3515,3.4406,90.0,8.81,0.0,594.0,387.36,0.0,38.6635
maz,147,compound,,UNLABELED,72.94,40.42,80.64,30.52,7.7,9.9,76.2302,32.5627,53.3884,76.79,35.47,0.7778,72,2,0,1,rgb,0,0,0,0,none,,,,0.0,88.777,2.7447,90.0,9.9,0.0,594.0,387.36,0.0,65.7606
maz,148,path,,UNLABELED,81.72,40.42,83.01,30.52,1.29,9.9,12.771,12.771,22.3801,82.365,35.47,0.1303,5,1,0,1,rgb,0,0,0,0,none,,,,0.0,88.735,60.6378,90.0,9.9,0.0,594.0,387.36,0.0,12.771
maz,149,compound,,UNLABELED,83.69,40.94,93.22,30.52,9.53,10.42,99.3025,27.7975,48.1458,88.455,35.73,0.9146,12,2,0,1,rgb,0,0,0,0,none,,,,0.0,90.262,1.2398,114.5971,11.4599,0.0,594.0,387.36,0.0,49.6513
maz,150,path,,UNLABELED,93.52,40.79,103.05,30.34,9.53,10.45,99.5887,32.6851,57.8461,98.285,35.565,0.912,100,1,0,1,rgb,0,0,0,0,none,,,,0.0,97.4153,1.4421,0.0,3.8,0.0,594.0,387.36,0.0,79.6866
maz,151,compound,,UNLABELED,104.37,40.42,110.62,30.52,6.25,9.9,61.8748,29.8284,50.5669,107.495,35.47,0.6313,45,2,0,1,rgb,0,0,0,0,none,,,,0.0,92.1317,3.0674,90.0,9.9,0.0,594.0,387.36,0.0,55.3581
maz,152,compound,,UNLABELED,110.44,40.94,119.97,30.52,9.53,10.42,99.3025,27.7975,48.1458,115.205,35.73,0.9146,12,2,0,1,rgb,0,0,0,0,none,,,,0.0,90.262,1.2398,114.5971,11.4599,0.0,594.0,387.36,0.0,49.6513
maz,153,path,,UNLABELED,120.07,40.9901,130.98,30.34,10.91,10.65,116.1917,38.5689,69.5922,125.525,35.665,1.0244,13,1,0,1,rgb,0,0,0,0,none,,,,0.0,89.8729,1.3861,101.0254,10.6669,0.0,594.0,387.36,0.0,93.9034
maz,154,path,,UNLABELED,296.01,42.35,301.07,37.41,5.06,4.94,24.9964,8.2684,32.2643,298.54,39.88,1.0243,13,1,0,1,rgb,0,0,0,0,none,,,,0.0,89.8135,1.3807,100.9688,4.9402,0.0,594.0,387.36,0.0,20.2096
maz,155,compound,,UNLABELED,301.06,42.33,305.49,37.5,4.43,4.83,21.3969,5.9903,22.3406,303.275,39.915,0.9172,12,2,0,1,rgb,0,0,0,0,none,,,,0.0,90.5714,1.2324,114.6847,5.3158,0.0,594.0,387.36,0.0,10.6985
maz,156,path,,UNLABELED,305.4,42.09,309.01,37.5,3.61,4.59,16.5697,4.4029,16.3978,307.205,39.795,0.7865,10,1,0,1,rgb,0,0,0,0,none,,,,0.0,89.3853,3.1583,59.368,2.9635,0.0,594.0,387.36,0.0,9.6619
maz,157,compound,,UNLABELED,308.88,42.33,313.31,37.5,4.43,4.83,21.3969,5.9903,22.3406,311.095,39.915,0.9172,12,2,0,1,rgb,0,0,0,0,none,,,,0.0,89.8879,1.2328,65.3153,5.3158,0.0,594.0,387.36,0.0,10.6985
maz,158,path,,UNLABELED,313.45,42.2599,317.87,37.41,4.42,4.85,21.437,7.0391,26.8464,315.66,39.835,0.9113,100,1,0,1,rgb,0,0,0,0,none,,,,0.0,97.4471,1.443,0.0,1.76,0.0,594.0,387.36,0.0,17.1684
maz,159,path,,UNLABELED,318.4,42.09,321.8,37.41,3.4,4.68,15.9119,6.0284,22.1154,320.1,39.75,0.7265,51,1,0,1,rgb,0,0,0,0,none,,,,0.0,105.4453,1.3749,90.0,2.9,0.0,594.0,387.36,0.0,14.7226
maz,160,path,,UNLABELED,322.58,42.09,325.09,37.5,2.51,4.59,11.521,5.6458,21.7201,323.835,39.795,0.5468,13,1,0,1,rgb,0,0,0,0,none,,,,0.0,82.4011,2.6451,90.0,4.59,0.0,594.0,387.36,0.0,11.521
maz,161,path,,UNLABELED,325.44,42.09,328.76,37.5,3.32,4.59,15.2389,5.4009,21.1769,327.1,39.795,0.7233,9,1,0,1,rgb,0,0,0,0,none,,,,0.0,92.1891,2.2862,59.8483,4.7184,0.0,594.0,387.36,0.0,14.4815
maz,162,path,,UNLABELED,329.08,38.18,330.27,36.39,1.19,1.79,2.1301,0.8095,4.5028,329.675,37.285,0.6648,5,1,0,1,rgb,0,0,0,0,none,,,,0.0,67.3936,14.9506,62.02,1.8117,0.0,594.0,387.36,0.0,0.8095
maz,163,compound,,UNLABELED,332.7,42.09,335.26,37.5,2.56,4.59,11.7505,5.1444,18.5639,333.98,39.795,0.5577,52,2,0,1,rgb,0,0,0,0,none,,,,0.0,79.0949,2.5503,90.0,4.59,0.0,594.0,387.36,0.0,8.5672
maz,164,path,,UNLABELED,335.65,42.09,339.06,37.41,3.41,4.68,15.9588,6.0954,22.1335,337.355,39.75,0.7286,51,1,0,1,rgb,0,0,0,0,none,,,,0.0,105.4572,1.3739,90.0,2.9,0.0,594.0,387.36,0.0,14.7568
maz,165,path,,UNLABELED,339.84,42.09,342.34,37.5,2.5,4.59,11.4751,5.605,21.7201,341.09,39.795,0.5447,13,1,0,1,rgb,0,0,0,0,none,,,,0.0,82.4406,2.6503,90.0,4.59,0.0,594.0,387.36,0.0,11.4751
maz,166,compound,,UNLABELED,343.03,42.09,345.94,37.5,2.91,4.59,13.357,6.4575,23.4599,344.485,39.795,0.634,45,2,0,1,rgb,0,0,0,0,none,,,,0.0,92.0889,3.0536,90.0,4.59,0.0,594.0,387.36,0.0,11.9461
maz,167,path,,UNLABELED,345.94,42.09,348.73,37.5,2.79,4.59,12.8062,3.871,14.7601,347.335,39.795,0.6078,9,1,0,1,rgb,0,0,0,0,none,,,,0.0,89.376,3.4234,90.0,4.08,0.0,594.0,387.36,0.0,8.3386
maz,168,compound,,UNLABELED,348.81,42.26,353.67,37.41,4.86,4.85,23.5708,7.4967,27.0463,351.24,39.835,1.0021,114,2,0,1,rgb,0,0,0,0,none,,,,0.0,89.9059,1.0719,127.1869,0.364,0.0,594.0,387.36,0.0,18.5124
maz,169,compound,,UNLABELED,356.0,42.09,358.91,37.5,2.91,4.59,13.357,6.4575,23.4599,357.455,39.795,0.634,45,2,0,1,rgb,0,0,0,0,none,,,,0.0,92.0889,3.0536,90.0,4.59,0.0,594.0,387.36,0.0,11.9461
maz,170,path,,UNLABELED,359.33,42.09,359.93,37.5,0.6,4.59,2.754,2.754,10.3801,359.63,39.795,0.1307,5,1,0,1,rgb,0,0,0,0,none,,,,0.0,88.7309,60.2522,90.0,4.59,0.0,594.0,387.36,0.0,2.754
maz,171,path,,UNLABELED,360.5,42.26,364.14,37.41,3.64,4.85,17.654,5.1033,20.0648,362.32,39.835,0.7505,75,1,0,1,rgb,0,0,0,0,none,,,,0.0,87.3168,2.3146,90.0,0.68,0.0,594.0,387.36,0.0,14.8852
maz,172,compound,,UNLABELED,364.46,42.26,369.32,37.41,4.86,4.85,23.5708,7.4956,27.0466,366.89,39.835,1.0021,114,2,0,1,rgb,0,0,0,0,none,,,,0.0,90.0273,1.0718,127.1869,0.364,0.0,594.0,387.36,0.0,18.5122
maz,173,path,,UNLABELED,295.55,557.0,300.61,552.05,5.06,4.95,25.047,8.3091,32.3107,298.08,554.525,1.0222,13,1,0,1,rgb,0,0,0,0,none,,,,0.0,89.896,1.386,100.9468,4.9501,0.0,594.0,387.36,0.0,20.2509
maz,174,compound,,UNLABELED,300.6,556.97,305.03,552.14,4.43,4.83,21.3969,5.9903,22.3406,302.815,554.555,0.9172,12,2,0,1,rgb,0,0,0,0,none,,,,0.0,89.8879,1.2328,65.3152,5.3158,0.0,594.0,387.36,0.0,10.6984
maz,175,path,,UNLABELED,304.94,556.73,308.55,552.14,3.61,4.59,16.5698,4.3933,16.393,306.745,554.435,0.7865,10,1,0,1,rgb,0,0,0,0,none,,,,0.0,89.3324,3.1508,59.3682,2.9635,0.0,594.0,387.36,0.0,9.6619
maz,176,compound,,UNLABELED,308.42,556.97,312.85,552.14,4.43,4.83,21.3969,5.9903,22.3406,310.635,554.555,0.9172,12,2,0,1,rgb,0,0,0,0,none,,,,0.0,89.8879,1.2328,65.3152,5.3158,0.0,594.0,387.36,0.0,10.6984
maz,177,path,,UNLABELED,312.99,556.9,317.41,552.05,4.42,4.85,21.4371,7.0326,26.8597,315.2,554.475,0.9113,100,1,0,1,rgb,0,0,0,0,none,,,,0.0,97.4064,1.4428,0.0,1.76,0.0,594.0,387.36,0.0,17.1712
maz,178,path,,UNLABELED,317.94,556.73,321.34,552.05,3.4,4.68,15.912,6.0243,22.1151,319.64,554.39,0.7265,51,1,0,1,rgb,0,0,0,0,none,,,,0.0,105.4862,1.3756,90.0,2.9,0.0,594.0,387.36,0.0,14.7206
maz,179,path,,UNLABELED,322.13,556.73,324.63,552.14,2.5,4.59,11.475,5.6183,21.7,323.38,554.435,0.5447,13,1,0,1,rgb,0,0,0,0,none,,,,0.0,82.4684,2.6593,90.0,4.59,0.0,594.0,387.36,0.0,11.475
maz,180,path,,UNLABELED,324.98,556.73,328.3,552.14,3.32,4.59,15.2388,5.4009,21.1768,326.64,554.435,0.7233,9,1,0,1,rgb,0,0,0,0,none,,,,0.0,92.1892,2.2862,59.8482,4.7184,0.0,594.0,387.36,0.0,14.4814
maz,181,path,,UNLABELED,328.62,552.82,329.81,551.03,1.19,1.79,2.1301,0.8169,4.5074,329.215,551.925,0.6648,5,1,0,1,rgb,0,0,0,0,none,,,,0.0,67.5404,14.7203,62.3007,1.8071,0.0,594.0,387.36,0.0,0.8169
maz,182,compound,,UNLABELED,332.24,556.73,334.8,552.14,2.56,4.59,11.7504,5.1475,18.5704,333.52,554.435,0.5577,52,2,0,1,rgb,0,0,0,0,none,,,,0.0,79.0564,2.547,90.0,4.59,0.0,594.0,387.36,0.0,8.5725
maz,183,path,,UNLABELED,335.19,556.73,338.6,552.05,3.41,4.68,15.9588,6.0934,22.135,336.895,554.39,0.7286,51,1,0,1,rgb,0,0,0,0,none,,,,0.0,105.6003,1.3748,90.0,2.9,0.0,594.0,387.36,0.0,14.7568
maz,184,path,,UNLABELED,339.38,556.73,341.88,552.14,2.5,4.59,11.475,5.654,21.68,340.63,554.435,0.5447,13,1,0,1,rgb,0,0,0,0,none,,,,0.0,82.4368,2.6628,90.0,4.59,0.0,594.0,387.36,0.0,11.475
maz,185,compound,,UNLABELED,342.57,556.73,345.48,552.14,2.91,4.59,13.3569,6.452,23.4592,344.025,554.435,0.634,45,2,0,1,rgb,0,0,0,0,none,,,,0.0,92.1092,3.0509,90.0,4.59,0.0,594.0,387.36,0.0,11.949
maz,186,path,,UNLABELED,345.49,556.73,348.28,552.14,2.79,4.59,12.8061,3.8709,14.76,346.885,554.435,0.6078,9,1,0,1,rgb,0,0,0,0,none,,,,0.0,89.2555,3.425,90.0,4.08,0.0,594.0,387.36,0.0,8.3385
maz,187,compound,,UNLABELED,348.36,556.9,353.21,552.05,4.85,4.85,23.5225,7.4899,27.0455,350.785,554.475,1.0,114,2,0,1,rgb,0,0,0,0,none,,,,0.0,90.0224,1.0724,60.6432,0.3671,0.0,594.0,387.36,0.0,18.5095
maz,188,compound,,UNLABELED,355.54,556.73,358.45,552.14,2.91,4.59,13.3569,6.4521,23.4592,356.995,554.435,0.634,45,2,0,1,rgb,0,0,0,0,none,,,,0.0,92.1036,3.0495,90.0,4.59,0.0,594.0,387.36,0.0,11.949
maz,189,path,,UNLABELED,358.87,556.73,359.47,552.14,0.6,4.59,2.754,2.754,10.38,359.17,554.435,0.1307,5,1,0,1,rgb,0,0,0,0,none,,,,0.0,88.7308,60.2515,90.0,4.59,0.0,594.0,387.36,0.0,2.754
maz,190,path,,UNLABELED,360.04,556.9,363.68,552.05,3.64,4.85,17.6541,5.1069,20.065,361.86,554.475,0.7505,75,1,0,1,rgb,0,0,0,0,none,,,,0.0,87.3273,2.315,90.0,0.68,0.0,594.0,387.36,0.0,14.8874
maz,191,compound,,UNLABELED,364.0,556.9,368.86,552.05,4.86,4.85,23.5709,7.4912,27.0496,366.43,554.475,1.0021,114,2,0,1,rgb,0,0,0,0,none,,,,0.0,89.9534,1.072,127.1848,0.364,0.0,594.0,387.36,0.0,18.5124
maz,192,compound,,UNLABELED,172.44,557.09,177.21,551.88,4.77,5.21,24.8517,6.9774,24.073,174.825,554.485,0.9155,12,2,0,1,rgb,0,0,0,0,none,,,,0.0,90.5764,1.239,114.6425,5.732,0.0,594.0,387.36,0.0,12.4259
maz,193,path,,UNLABELED,177.63,556.83,179.78,551.88,2.15,4.95,10.6425,3.9985,14.2,178.705,554.355,0.4343,7,1,0,1,rgb,0,0,0,0,none,,,,0.0,100.5038,10.3054,90.0,4.95,0.0,594.0,387.36,0.0,7.3205
maz,194,path,,UNLABELED,180.08,554.26,181.55,553.8,1.47,0.46,0.6762,0.6762,3.86,180.815,554.03,3.1957,5,1,0,1,rgb,0,0,0,0,none,,,,0.0,176.7021,10.5673,0.0,1.47,0.0,594.0,387.36,0.0,0.6762
maz,195,path,,UNLABELED,182.07,556.83,185.39,551.79,3.32,5.04,16.7328,5.9352,22.2863,183.73,554.31,0.6587,67,1,0,1,rgb,0,0,0,0,none,,,,0.0,71.2448,2.6101,73.1977,2.6637,0.0,594.0,387.36,0.0,12.8805
maz,196,path,,UNLABELED,186.05,557.01,189.11,551.79,3.06,5.22,15.9733,5.8535,22.018,187.58,554.4,0.5862,98,1,0,1,rgb,0,0,0,0,none,,,,0.0,89.4075,3.6764,0.0,0.61,0.0,594.0,387.36,0.0,13.761
maz,197,path,,UNLABELED,189.85,557.01,193.02,551.88,3.17,5.13,16.2622,6.0518,22.2968,191.435,554.445,0.6179,47,1,0,1,rgb,0,0,0,0,none,,,,0.0,100.8922,1.9531,51.0822,3.4702,0.0,594.0,387.36,0.0,15.0523
maz,198,compound,,UNLABELED,193.72,557.01,196.74,551.79,3.02,5.22,15.7644,7.6663,26.2195,195.23,554.4,0.5785,127,3,0,1,rgb,0,0,0,0,none,,,,0.0,89.3849,2.5551,36.8704,0.35,0.0,594.0,387.36,0.0,13.581
maz,199,path,,UNLABELED,199.44,557.19,200.65,550.62,1.21,6.57,7.9497,3.988,14.0098,200.045,553.905,0.1842,35,1,0,1,rgb,0,0,0,0,none,,,,0.0,89.8057,30.5434,36.3042,0.608,0.0,594.0,387.36,0.0,6.2834
maz,200,path,,UNLABELED,201.46,556.83,203.89,551.88,2.43,4.95,12.0285,5.0867,18.22,202.675,554.355,0.4909,11,1,0,1,rgb,0,0,0,0,none,,,,0.0,71.9249,3.9206,90.0,4.95,0.0,594.0,387.36,0.0,9.6769
maz,201,compound,,UNLABELED,204.04,557.09,208.81,551.88,4.77,5.21,24.8517,6.9774,24.073,206.425,554.485,0.9155,12,2,0,1,rgb,0,0,0,0,none,,,,0.0,90.5764,1.239,114.6425,5.732,0.0,594.0,387.36,0.0,12.4259
maz,202,compound,,UNLABELED,208.68,557.09,213.45,551.88,4.77,5.21,24.8517,6.9774,24.073,211.065,554.485,0.9155,12,2,0,1,rgb,0,0,0,0,none,,,,0.0,90.5764,1.239,114.6425,5.732,0.0,594.0,387.36,0.0,12.4259
maz,203,path,,UNLABELED,213.76,557.19,214.97,550.62,1.21,6.57,7.9497,3.9902,14.0151,214.365,553.905,0.1842,35,1,0,1,rgb,0,0,0,0,none,,,,0.0,90.7832,27.8884,143.6958,0.608,0.0,594.0,387.36,0.0,6.2995
maz,204,path,,UNLABELED,327.82,331.9,332.86,328.25,5.04,3.65,18.396,5.2315,20.7106,330.34,330.075,1.3808,47,1,0,1,rgb,0,0,0,0,none,,,,0.0,25.0199,1.9524,155.2619,3.226,0.0,594.0,387.36,0.0,12.999
maz,205,path,,UNLABELED,326.73,334.54,331.97,331.32,5.24,3.22,16.8728,4.1467,16.7975,329.35,332.93,1.6273,7,1,0,1,rgb,0,0,0,0,none,,,,0.0,168.6767,3.6384,162.6212,5.4906,0.0,594.0,387.36,0.0,8.7518
maz,206,path,,UNLABELED,332.0,192.71,333.31,188.11,1.31,4.6,6.026,2.6725,11.5921,332.655,190.41,0.2848,7,1,0,1,rgb,0,0,0,0,none,,,,0.0,95.2382,23.0274,90.0,4.6,0.0,594.0,387.36,0.0,4.3084
maz,207,compound,,UNLABELED,335.15,192.88,337.96,188.03,2.81,4.85,13.6284,6.5985,24.3442,336.555,190.455,0.5794,127,3,0,1,rgb,0,0,0,0,none,,,,0.0,89.407,2.5499,36.1575,0.322,0.0,594.0,387.36,0.0,11.7124
maz,208,compound,,UNLABELED,338.63,192.72,340.7,190.64,2.07,2.08,4.3056,2.4022,10.0207,339.665,191.68,0.9952,34,2,0,1,rgb,0,0,0,0,none,,,,0.0,90.1409,1.1227,10.5376,0.4374,0.0,594.0,387.36,0.0,3.3548
maz,209,path,,UNLABELED,341.7,192.71,343.01,188.11,1.31,4.6,6.026,2.6725,11.5921,342.355,190.41,0.2848,7,1,0,1,rgb,0,0,0,0,none,,,,0.0,95.2382,23.0274,90.0,4.6,0.0,594.0,387.36,0.0,4.3084
maz,210,path,,UNLABELED,344.67,192.71,347.75,188.03,3.08,4.68,14.4144,5.1368,20.7286,346.21,190.37,0.6581,67,1,0,1,rgb,0,0,0,0,none,,,,0.0,71.2357,2.6026,73.3231,2.4741,0.0,594.0,387.36,0.0,11.1339
maz,211,path,,UNLABELED,348.57,188.71,349.25,188.03,0.68,0.68,0.4624,0.3554,2.1288,348.91,188.37,1.0,17,1,0,1,rgb,0,0,0,0,none,,,,0.0,89.8018,1.1268,77.9069,0.1432,0.0,594.0,387.36,0.0,0.3554
maz,212,compound,,UNLABELED,350.0,192.88,353.15,188.03,3.15,4.85,15.2775,5.7204,22.434,351.575,190.455,0.6495,98,2,0,1,rgb,0,0,0,0,none,,,,0.0,89.9954,2.6313,105.0163,0.4245,0.0,594.0,387.36,0.0,12.1766
maz,213,path,,UNLABELED,353.54,192.88,354.73,191.09,1.19,1.79,2.1301,0.8096,4.502,354.135,191.985,0.6648,5,1,0,1,rgb,0,0,0,0,none,,,,0.0,67.3525,15.1423,62.3007,1.8071,0.0,594.0,387.36,0.0,0.8096
maz,214,path,,UNLABELED,355.49,192.93,359.5,187.92,4.01,5.01,20.0902,7.517,27.5692,357.495,190.425,0.8004,9,1,0,1,rgb,0,0,0,0,none,,,,0.0,67.6042,1.7609,133.0531,4.9951,0.0,594.0,387.36,0.0,19.2681
maz,215,path,,UNLABELED,330.77,513.47,332.09,508.87,1.32,4.6,6.072,2.6775,11.6121,331.43,511.17,0.287,7,1,0,1,rgb,0,0,0,0,none,,,,0.0,95.2992,22.6552,90.0,4.6,0.0,594.0,387.36,0.0,4.334
maz,216,compound,,UNLABELED,333.93,513.64,336.74,508.79,2.81,4.85,13.6285,6.6064,24.3168,335.335,511.215,0.5794,127,3,0,1,rgb,0,0,0,0,none,,,,0.0,89.4007,2.55,37.5682,0.328,0.0,594.0,387.36,0.0,11.7105
maz,217,compound,,UNLABELED,337.41,513.48,339.48,511.41,2.07,2.07,4.2849,2.4117,10.0162,338.445,512.445,1.0,34,2,0,1,rgb,0,0,0,0,none,,,,0.0,90.0204,1.1237,10.7842,0.4276,0.0,594.0,387.36,0.0,3.3588
maz,218,path,,UNLABELED,340.48,513.47,341.79,508.87,1.31,4.6,6.026,2.675,11.5968,341.135,511.17,0.2848,7,1,0,1,rgb,0,0,0,0,none,,,,0.0,95.2736,22.9108,90.0,4.6,0.0,594.0,387.36,0.0,4.311
maz,219,compound,,UNLABELED,343.54,513.64,346.52,508.79,2.98,4.85,14.453,5.2163,20.0358,345.03,511.215,0.6144,70,2,0,1,rgb,0,0,0,0,none,,,,0.0,75.9172,1.5916,53.7344,2.6542,0.0,594.0,387.36,0.0,9.6296
maz,220,path,,UNLABELED,347.34,509.47,348.02,508.79,0.68,0.68,0.4624,0.3554,2.1288,347.68,509.13,1.0,17,1,0,1,rgb,0,0,0,0,none,,,,0.0,90.469,1.112,167.9069,0.1432,0.0,594.0,387.36,0.0,0.3554
maz,221,compound,,UNLABELED,348.77,513.64,351.92,508.79,3.15,4.85,15.2775,5.7315,22.4373,350.345,511.215,0.6495,98,2,0,1,rgb,0,0,0,0,none,,,,0.0,90.0136,2.6337,74.9834,0.4245,0.0,594.0,387.36,0.0,12.1832
maz,222,path,,UNLABELED,352.32,513.64,353.51,511.85,1.19,1.79,2.1301,0.8169,4.5074,352.915,512.745,0.6648,5,1,0,1,rgb,0,0,0,0,none,,,,0.0,67.5404,14.7202,62.3006,1.8071,0.0,594.0,387.36,0.0,0.8169
maz,223,path,,UNLABELED,354.27,513.69,358.27,508.68,4.0,5.01,20.04,7.486,27.5728,356.27,511.185,0.7984,9,1,0,1,rgb,0,0,0,0,none,,,,0.0,67.8666,1.7676,132.8908,4.9956,0.0,594.0,387.36,0.0,19.22
maz,224,path,,UNLABELED,332.43,352.94,333.75,348.35,1.32,4.59,6.0588,2.6724,11.5921,333.09,350.645,0.2876,7,1,0,1,rgb,0,0,0,0,none,,,,0.0,95.3114,22.5512,90.0,4.59,0.0,594.0,387.36,0.0,4.3248
maz,225,compound,,UNLABELED,335.59,353.11,338.4,348.26,2.81,4.85,13.6285,6.6185,24.3267,336.995,350.685,0.5794,127,3,0,1,rgb,0,0,0,0,none,,,,0.0,89.4088,2.5537,38.6594,0.3202,0.0,594.0,387.36,0.0,11.7212
maz,226,compound,,UNLABELED,339.06,352.95,341.14,350.88,2.08,2.07,4.3056,2.4148,10.021,340.1,351.915,1.0048,34,2,0,1,rgb,0,0,0,0,none,,,,0.0,90.1612,1.1232,169.4604,0.4374,0.0,594.0,387.36,0.0,3.363
maz,227,path,,UNLABELED,342.13,352.94,343.45,348.35,1.32,4.59,6.0588,2.6724,11.5921,342.79,350.645,0.2876,7,1,0,1,rgb,0,0,0,0,none,,,,0.0,95.3114,22.5512,90.0,4.59,0.0,594.0,387.36,0.0,4.3248
maz,228,path,,UNLABELED,345.1,352.94,348.18,348.26,3.08,4.68,14.4143,5.1161,20.7036,346.64,350.6,0.6581,67,1,0,1,rgb,0,0,0,0,none,,,,0.0,71.2374,2.6046,73.2564,2.4645,0.0,594.0,387.36,0.0,11.1099
maz,229,path,,UNLABELED,349.0,348.94,349.68,348.26,0.68,0.68,0.4624,0.3496,2.1104,349.34,348.6,1.0,17,1,0,1,rgb,0,0,0,0,none,,,,0.0,90.0,1.1191,12.9936,0.1334,0.0,594.0,387.36,0.0,0.3496
maz,230,path,,UNLABELED,350.42,352.94,353.5,348.26,3.08,4.68,14.4145,5.1075,20.6726,351.96,350.6,0.6581,67,1,0,1,rgb,0,0,0,0,none,,,,0.0,71.2527,2.6055,73.2564,2.4645,0.0,594.0,387.36,0.0,11.0949
maz,231,path,,UNLABELED,353.97,353.11,355.17,351.32,1.2,1.79,2.148,0.8241,4.526,354.57,352.215,0.6704,5,1,0,1,rgb,0,0,0,0,none,,,,0.0,67.3626,14.7601,62.4473,1.816,0.0,594.0,387.36,0.0,0.8241
maz,232,path,,UNLABELED,355.93,353.16,359.93,348.16,4.0,5.0,20.0,7.4636,27.5151,357.93,350.66,0.8,9,1,0,1,rgb,0,0,0,0,none,,,,0.0,67.6248,1.7603,133.053,4.9951,0.0,594.0,387.36,0.0,19.18
maz,233,compound,,UNLABELED,60.77,269.19,65.65,266.22,4.88,2.97,14.4936,5.2535,20.0122,63.21,267.705,1.6431,70,2,0,1,rgb,0,0,0,0,none,,,,0.0,178.9097,1.5697,157.1139,2.6485,0.0,594.0,387.36,0.0,9.6116
maz,234,path,,UNLABELED,201.26,565.63,204.72,559.26,3.46,6.37,22.0402,10.7969,30.08,202.99,562.445,0.5432,13,1,0,1,rgb,0,0,0,0,none,,,,0.0,82.4784,2.6666,90.0,6.37,0.0,594.0,387.36,0.0,22.0402
maz,235,path,,UNLABELED,205.56,565.63,210.28,559.14,4.72,6.49,30.6328,11.6773,30.6674,207.92,562.385,0.7273,51,1,0,1,rgb,0,0,0,0,none,,,,0.0,105.4141,1.3771,90.0,4.03,0.0,594.0,387.36,0.0,28.3071
maz,236,path,,UNLABELED,211.01,565.86,217.13,559.14,6.12,6.72,41.1264,13.4876,37.189,214.07,562.5,0.9107,100,1,0,1,rgb,0,0,0,0,none,,,,0.0,97.4663,1.4423,0.0,2.44,0.0,594.0,387.36,0.0,32.9269
maz,237,path,,UNLABELED,217.98,565.63,221.44,559.26,3.46,6.37,22.0402,10.7969,30.08,219.71,562.445,0.5432,13,1,0,1,rgb,0,0,0,0,none,,,,0.0,82.4784,2.6666,90.0,6.37,0.0,594.0,387.36,0.0,22.0402
maz,238,path,,UNLABELED,222.4,565.93,227.94,559.0,5.54,6.93,38.3921,14.3321,38.1525,225.17,562.465,0.7994,9,1,0,1,rgb,0,0,0,0,none,,,,0.0,67.6807,1.7657,132.9483,6.9129,0.0,594.0,387.36,0.0,36.8409
maz,239,path,,UNLABELED,229.06,565.63,229.89,559.26,0.83,6.37,5.2871,5.2871,14.4,229.475,562.445,0.1303,5,1,0,1,rgb,0,0,0,0,none,,,,0.0,88.7351,60.6417,90.0,6.37,0.0,594.0,387.36,0.0,5.2871
maz,240,compound,,UNLABELED,230.56,565.86,237.28,559.14,6.72,6.72,45.1584,14.3495,37.4482,233.92,562.5,1.0,114,2,0,1,rgb,0,0,0,0,none,,,,0.0,89.9237,1.0722,118.0732,0.51,0.0,594.0,387.36,0.0,35.4851
maz,241,path,,UNLABELED,240.03,565.99,247.05,559.14,7.02,6.85,48.0869,16.0092,44.7292,243.54,562.565,1.0248,13,1,0,1,rgb,0,0,0,0,none,,,,0.0,89.862,1.3844,101.0149,6.8563,0.0,594.0,387.36,0.0,38.8494
maz,242,compound,,UNLABELED,247.03,565.96,253.16,559.26,6.13,6.7,41.0709,11.5109,30.9537,250.095,562.61,0.9149,12,2,0,1,rgb,0,0,0,0,none,,,,0.0,90.5022,1.2391,114.6176,7.3699,0.0,594.0,387.36,0.0,20.5355
maz,243,compound,,UNLABELED,253.7,565.63,257.72,559.26,4.02,6.37,25.6074,12.3711,32.5059,255.71,562.445,0.6311,45,2,0,1,rgb,0,0,0,0,none,,,,0.0,92.0891,3.0636,90.0,6.37,0.0,594.0,387.36,0.0,22.9089
maz,244,path,,UNLABELED,258.31,565.63,259.14,559.26,0.83,6.37,5.287,5.287,14.4,258.725,562.445,0.1303,5,1,0,1,rgb,0,0,0,0,none,,,,0.0,88.7351,60.6439,90.0,6.37,0.0,594.0,387.36,0.0,5.287
maz,245,compound,,UNLABELED,259.57,565.96,265.7,559.26,6.13,6.7,41.071,11.5192,30.9478,262.635,562.61,0.9149,12,2,0,1,rgb,0,0,0,0,none,,,,0.0,89.9691,1.2401,65.3823,7.3699,0.0,594.0,387.36,0.0,20.5355
maz,246,compound,,UNLABELED,268.7,565.63,273.65,559.26,4.95,6.37,31.5316,13.4154,34.3282,271.175,562.445,0.7771,72,2,0,1,rgb,0,0,0,0,none,,,,0.0,88.789,2.7417,90.0,6.37,0.0,594.0,387.36,0.0,27.1632
maz,247,path,,UNLABELED,274.34,565.63,277.81,559.26,3.47,6.37,22.1039,10.8534,30.0801,276.075,562.445,0.5447,13,1,0,1,rgb,0,0,0,0,none,,,,0.0,82.4501,2.6628,90.0,6.37,0.0,594.0,387.36,0.0,22.1039
maz,248,path,,UNLABELED,281.22,565.63,285.82,559.26,4.6,6.37,29.302,12.5755,33.28,283.52,562.445,0.7221,13,1,0,1,rgb,0,0,0,0,none,,,,0.0,90.9565,2.0223,90.0,6.37,0.0,594.0,387.36,0.0,29.302
maz,249,compound,,UNLABELED,286.48,565.86,293.2,559.14,6.72,6.72,45.1582,14.3611,37.4497,289.84,562.5,1.0,114,2,0,1,rgb,0,0,0,0,none,,,,0.0,90.0715,1.0719,118.0717,0.51,0.0,594.0,387.36,0.0,35.4943
maz,250,path,,UNLABELED,293.69,565.86,297.75,559.14,4.06,6.72,27.2832,10.3867,28.3962,295.72,562.5,0.6042,91,1,0,1,rgb,0,0,0,0,none,,,,0.0,91.7453,3.606,11.7125,0.8374,0.0,594.0,387.36,0.0,22.9246
maz,251,path,,UNLABELED,297.96,565.63,301.82,559.26,3.86,6.37,24.5881,7.3818,20.46,299.89,562.445,0.606,9,1,0,1,rgb,0,0,0,0,none,,,,0.0,89.3284,3.4484,90.0,5.66,0.0,594.0,387.36,0.0,15.985
maz,252,compound,,UNLABELED,301.93,565.86,308.65,559.14,6.72,6.72,45.1582,14.3581,37.4465,305.29,562.5,1.0,114,2,0,1,rgb,0,0,0,0,none,,,,0.0,89.9847,1.0723,118.0717,0.51,0.0,594.0,387.36,0.0,35.4876
maz,253,path,,UNLABELED,309.14,565.86,313.2,559.14,4.06,6.72,27.2832,10.3877,28.3946,311.17,562.5,0.6042,91,1,0,1,rgb,0,0,0,0,none,,,,0.0,91.7417,3.6078,11.5751,0.8472,0.0,594.0,387.36,0.0,22.924
maz,254,path,,UNLABELED,201.11,34.62,204.58,28.25,3.47,6.37,22.1039,10.8281,30.08,202.845,31.435,0.5447,13,1,0,1,rgb,0,0,0,0,none,,,,0.0,82.4448,2.6632,90.0,6.37,0.0,594.0,387.36,0.0,22.1039
maz,255,path,,UNLABELED,205.42,34.62,210.13,28.14,4.71,6.48,30.5208,11.6011,30.6367,207.775,31.38,0.7269,51,1,0,1,rgb,0,0,0,0,none,,,,0.0,105.3456,1.3769,90.0,4.02,0.0,594.0,387.36,0.0,28.2574
maz,256,path,,UNLABELED,210.86,34.86,216.99,28.14,6.13,6.72,41.1935,13.5119,37.1882,213.925,31.5,0.9122,100,1,0,1,rgb,0,0,0,0,none,,,,0.0,97.4119,1.4428,0.0,2.44,0.0,594.0,387.36,0.0,32.9267
maz,257,path,,UNLABELED,217.83,34.62,221.3,28.25,3.47,6.37,22.1039,10.8281,30.08,219.565,31.435,0.5447,13,1,0,1,rgb,0,0,0,0,none,,,,0.0,82.4448,2.6632,90.0,6.37,0.0,594.0,387.36,0.0,22.1039
maz,258,path,,UNLABELED,222.26,34.93,227.8,27.99,5.54,6.94,38.4476,14.3546,38.1697,225.03,31.46,0.7983,9,1,0,1,rgb,0,0,0,0,none,,,,0.0,67.7811,1.7658,133.0089,6.9197,0.0,594.0,387.36,0.0,36.8686
maz,259,path,,UNLABELED,228.92,34.62,229.74,28.25,0.82,6.37,5.2234,5.2234,14.38,229.33,31.435,0.1287,5,1,0,1,rgb,0,0,0,0,none,,,,0.0,88.7508,62.1274,90.0,6.37,0.0,594.0,387.36,0.0,5.2234
maz,260,compound,,UNLABELED,230.42,34.86,237.14,28.14,6.72,6.72,45.1582,14.3826,37.4478,233.78,31.5,1.0,114,2,0,1,rgb,0,0,0,0,none,,,,0.0,90.0661,1.0723,61.9276,0.51,0.0,594.0,387.36,0.0,35.5026
maz,261,path,,UNLABELED,239.89,34.98,246.9,28.14,7.01,6.84,47.9486,15.8775,44.7328,243.395,31.56,1.0248,13,1,0,1,rgb,0,0,0,0,none,,,,0.0,89.8901,1.3872,101.0148,6.8564,0.0,594.0,387.36,0.0,38.7467
maz,262,compound,,UNLABELED,246.88,34.95,253.01,28.25,6.13,6.7,41.071,11.5191,30.9478,249.945,31.6,0.9149,12,2,0,1,rgb,0,0,0,0,none,,,,0.0,89.969,1.2401,65.3824,7.3699,0.0,594.0,387.36,0.0,20.5355
maz,263,compound,,UNLABELED,253.56,34.62,257.58,28.25,4.02,6.37,25.6075,12.3211,32.5324,255.57,31.435,0.6311,45,2,0,1,rgb,0,0,0,0,none,,,,0.0,92.1303,3.0609,90.0,6.37,0.0,594.0,387.36,0.0,22.8821
maz,264,path,,UNLABELED,258.17,34.62,258.99,28.25,0.82,6.37,5.2234,5.2234,14.38,258.58,31.435,0.1287,5,1,0,1,rgb,0,0,0,0,none,,,,0.0,88.7508,62.1274,90.0,6.37,0.0,594.0,387.36,0.0,5.2234
maz,265,compound,,UNLABELED,259.43,34.95,265.56,28.25,6.13,6.7,41.0711,11.5109,30.9537,262.495,31.6,0.9149,12,2,0,1,rgb,0,0,0,0,none,,,,0.0,90.5027,1.2391,114.6177,7.3699,0.0,594.0,387.36,0.0,20.5356
maz,266,compound,,UNLABELED,268.55,34.62,273.51,28.25,4.96,6.37,31.5951,13.4893,34.331,271.03,31.435,0.7786,72,2,0,1,rgb,0,0,0,0,none,,,,0.0,88.7676,2.7413,90.0,6.37,0.0,594.0,387.36,0.0,27.2079
maz,267,path,,UNLABELED,274.2,34.62,277.66,28.25,3.46,6.37,22.0401,10.7714,30.08,275.93,31.435,0.5432,13,1,0,1,rgb,0,0,0,0,none,,,,0.0,82.473,2.667,90.0,6.37,0.0,594.0,387.36,0.0,22.0401
maz,268,path,,UNLABELED,281.07,34.6201,285.67,28.25,4.6,6.3701,29.3021,12.6049,33.2601,283.37,31.435,0.7221,13,1,0,1,rgb,0,0,0,0,none,,,,0.0,90.9647,2.0236,90.0,6.3701,0.0,594.0,387.36,0.0,29.3021
maz,269,compound,,UNLABELED,286.33,34.86,293.05,28.14,6.72,6.72,45.158,14.3852,37.4467,289.69,31.5,1.0,114,2,0,1,rgb,0,0,0,0,none,,,,0.0,89.9623,1.0723,118.0709,0.51,0.0,594.0,387.36,0.0,35.5033
maz,270,path,,UNLABELED,293.54,34.86,297.6,28.14,4.06,6.72,27.2833,10.4093,28.3949,295.57,31.5,0.6042,91,1,0,1,rgb,0,0,0,0,none,,,,0.0,91.7725,3.6089,12.2354,0.8493,0.0,594.0,387.36,0.0,22.9324
maz,271,path,,UNLABELED,297.81,34.62,301.68,28.25,3.87,6.37,24.6519,7.4455,20.48,299.745,31.435,0.6075,9,1,0,1,rgb,0,0,0,0,none,,,,0.0,89.3186,3.4271,90.0,5.66,0.0,594.0,387.36,0.0,16.0487
maz,272,compound,,UNLABELED,301.79,34.86,308.5,28.14,6.71,6.72,45.0909,14.3836,37.4482,305.145,31.5,0.9985,114,2,0,1,rgb,0,0,0,0,none,,,,0.0,89.9174,1.0723,118.0709,0.51,0.0,594.0,387.36,0.0,35.5036
maz,273,path,,UNLABELED,309.0,34.86,313.06,28.14,4.06,6.72,27.2833,10.4022,28.4026,311.03,31.5,0.6042,91,1,0,1,rgb,0,0,0,0,none,,,,0.0,91.7775,3.6055,12.3802,0.8395,0.0,594.0,387.36,0.0,22.9329
maz,274,compound,,UNLABELED,174.7,304.07,177.92,299.25,3.22,4.82,15.5204,5.1398,19.9002,176.31,301.66,0.668,15,2,0,1,rgb,0,0,0,0,none,,,,0.0,97.5018,2.3586,69.5377,5.0059,0.0,594.0,387.36,0.0,8.3248
maz,275,compound,,UNLABELED,177.82,304.64,180.79,299.76,2.97,4.88,14.4936,5.2566,20.0049,179.305,302.2,0.6086,70,2,0,1,rgb,0,0,0,0,none,,,,0.0,88.6873,1.564,66.8299,2.6432,0.0,594.0,387.36,0.0,9.6234
maz,276,compound,,UNLABELED,181.26,305.46,184.24,300.58,2.98,4.88,14.5425,5.2371,20.0105,182.75,303.02,0.6107,70,2,0,1,rgb,0,0,0,0,none,,,,0.0,88.7193,1.5669,67.0294,2.6393,0.0,594.0,387.36,0.0,9.603
maz,277,compound,,UNLABELED,184.75,306.27,187.98,301.46,3.23,4.81,15.5363,6.6136,24.3237,186.365,303.865,0.6715,127,3,0,1,rgb,0,0,0,0,none,,,,0.0,102.865,2.5496,51.3406,0.3202,0.0,594.0,387.36,0.0,11.7115
maz,278,path,,UNLABELED,189.45,307.68,193.74,302.42,4.29,5.26,22.5653,5.5484,21.4834,191.595,305.05,0.8156,13,1,0,1,rgb,0,0,0,0,none,,,,0.0,102.5792,2.6875,74.0278,2.9436,0.0,594.0,387.36,0.0,15.4676
maz,279,path,,UNLABELED,194.67,308.95,197.9,303.73,3.23,5.22,16.8606,4.153,16.8031,196.285,306.34,0.6188,7,1,0,1,rgb,0,0,0,0,none,,,,0.0,77.8778,3.6379,71.862,5.4929,0.0,594.0,387.36,0.0,8.7547
maz,280,path,,UNLABELED,198.92,309.68,201.77,304.71,2.85,4.97,14.1645,5.1245,20.7024,200.345,307.195,0.5734,67,1,0,1,rgb,0,0,0,0,none,,,,0.0,84.66,2.6027,86.5249,2.4746,0.0,594.0,387.36,0.0,11.0962
maz,281,path,,UNLABELED,63.88,280.87,65.19,276.27,1.31,4.6,6.026,2.6724,11.5921,64.535,278.57,0.2848,7,1,0,1,rgb,0,0,0,0,none,,,,0.0,95.2382,23.0275,90.0,4.6,0.0,594.0,387.36,0.0,4.3084
maz,282,compound,,UNLABELED,66.95,281.04,69.93,276.19,2.98,4.85,14.453,5.2412,20.0296,68.44,278.615,0.6144,70,2,0,1,rgb,0,0,0,0,none,,,,0.0,75.9145,1.5897,53.7347,2.6542,0.0,594.0,387.36,0.0,9.6473
maz,283,path,,UNLABELED,60.63,288.07,63.13,283.48,2.5,4.59,11.475,5.654,21.68,61.88,285.775,0.5447,13,1,0,1,rgb,0,0,0,0,none,,,,0.0,82.4368,2.6628,90.0,4.59,0.0,594.0,387.36,0.0,11.475
maz,284,path,,UNLABELED,63.83,288.07,65.82,283.48,1.99,4.59,9.1341,3.4221,13.16,64.825,285.775,0.4336,7,1,0,1,rgb,0,0,0,0,none,,,,0.0,100.4963,10.3404,90.0,4.59,0.0,594.0,387.36,0.0,6.2781
maz,285,path,,UNLABELED,66.19,288.07,68.69,283.48,2.5,4.59,11.475,5.6183,21.7,67.44,285.775,0.5447,13,1,0,1,rgb,0,0,0,0,none,,,,0.0,82.4683,2.6593,90.0,4.59,0.0,594.0,387.36,0.0,11.475
maz,286,path,,UNLABELED,68.87,288.07,72.87,283.24,4.0,4.83,19.3199,5.0294,19.0096,70.87,285.655,0.8282,7,1,0,1,rgb,0,0,0,0,none,,,,0.0,97.6411,1.9274,112.4935,5.2277,0.0,594.0,387.36,0.0,9.66
maz,287,path,,UNLABELED,328.68,315.05,331.62,310.28,2.94,4.77,14.0239,5.2053,20.7059,330.15,312.665,0.6164,47,1,0,1,rgb,0,0,0,0,none,,,,0.0,100.9121,1.9517,51.1738,3.2219,0.0,594.0,387.36,0.0,12.9798
maz,288,path,,UNLABELED,332.08,314.88,335.16,310.2,3.08,4.68,14.4144,5.1247,20.7041,333.62,312.54,0.6581,67,1,0,1,rgb,0,0,0,0,none,,,,0.0,71.259,2.6036,73.3231,2.4741,0.0,594.0,387.36,0.0,11.1159
maz,289,path,,UNLABELED,325.87,322.08,328.37,317.49,2.5,4.59,11.475,5.654,21.68,327.12,319.785,0.5447,13,1,0,1,rgb,0,0,0,0,none,,,,0.0,82.4368,2.6628,90.0,4.59,0.0,594.0,387.36,0.0,11.475
maz,290,path,,UNLABELED,329.06,322.08,331.06,317.49,2.0,4.59,9.18,3.468,13.18,330.06,319.785,0.4357,7,1,0,1,rgb,0,0,0,0,none,,,,0.0,100.5139,10.2443,90.0,4.59,0.0,594.0,387.36,0.0,6.324
maz,291,path,,UNLABELED,331.42,322.08,333.92,317.49,2.5,4.59,11.475,5.654,21.68,332.67,319.785,0.5447,13,1,0,1,rgb,0,0,0,0,none,,,,0.0,82.4368,2.6628,90.0,4.59,0.0,594.0,387.36,0.0,11.475
maz,292,path,,UNLABELED,334.11,322.08,338.11,317.25,4.0,4.83,19.3199,5.0125,19.0034,336.11,319.665,0.8282,7,1,0,1,rgb,0,0,0,0,none,,,,0.0,97.777,1.9221,112.4935,5.2277,0.0,594.0,387.36,0.0,9.66
maz,293,path,,UNLABELED,81.36,105.19,84.29,100.33,2.93,4.86,14.2398,5.4266,20.5009,82.825,102.76,0.6029,91,1,0,1,rgb,0,0,0,0,none,,,,0.0,91.7694,3.6126,11.499,0.6021,0.0,594.0,387.36,0.0,11.9642
maz,294,path,,UNLABELED,84.77,102.63,86.13,102.21,1.36,0.42,0.5712,0.5712,3.56,85.45,102.42,3.238,5,1,0,1,rgb,0,0,0,0,none,,,,0.0,176.7539,10.8472,0.0,1.36,0.0,594.0,387.36,0.0,0.5712
maz,295,compound,,UNLABELED,86.81,105.19,89.61,100.33,2.8,4.86,13.608,6.6059,24.3139,88.21,102.76,0.5761,127,3,0,1,rgb,0,0,0,0,none,,,,0.0,89.4143,2.5531,37.2352,0.314,0.0,594.0,387.36,0.0,11.7038
maz,296,path,,UNLABELED,90.16,105.01,93.24,100.33,3.08,4.68,14.4144,5.1205,20.6801,91.7,102.67,0.6581,67,1,0,1,rgb,0,0,0,0,none,,,,0.0,71.2279,2.5989,73.0339,2.4674,0.0,594.0,387.36,0.0,11.0897
maz,297,path,,UNLABELED,93.89,101.1,95.08,99.31,1.19,1.79,2.1301,0.8096,4.502,94.485,100.205,0.6648,5,1,0,1,rgb,0,0,0,0,none,,,,0.0,67.3528,15.1422,62.3007,1.8071,0.0,594.0,387.36,0.0,0.8096
maz,298,compound,,UNLABELED,97.52,105.01,101.09,100.42,3.57,4.59,16.3863,6.979,24.7808,99.305,102.715,0.7778,72,2,0,1,rgb,0,0,0,0,none,,,,0.0,88.8008,2.7412,90.0,4.59,0.0,594.0,387.36,0.0,14.1551
maz,299,path,,UNLABELED,101.51,102.63,102.87,102.21,1.36,0.42,0.5712,0.5712,3.56,102.19,102.42,3.238,5,1,0,1,rgb,0,0,0,0,none,,,,0.0,176.7539,10.8472,0.0,1.36,0.0,594.0,387.36,0.0,0.5712
maz,300,path,,UNLABELED,103.93,105.01,105.25,100.42,1.32,4.59,6.0588,2.6724,11.5921,104.59,102.715,0.2876,7,1,0,1,rgb,0,0,0,0,none,,,,0.0,95.3114,22.5513,90.0,4.59,0.0,594.0,387.36,0.0,4.3248
maz,301,compound,,UNLABELED,106.92,105.19,110.07,100.33,3.15,4.86,15.309,5.7366,22.4367,108.495,102.76,0.6482,98,2,0,1,rgb,0,0,0,0,none,,,,0.0,89.9865,2.633,105.0194,0.4245,0.0,594.0,387.36,0.0,12.184
maz,302,compound,,UNLABELED,110.63,105.19,113.44,100.33,2.81,4.86,13.6565,6.5996,24.3368,112.035,102.76,0.5782,127,3,0,1,rgb,0,0,0,0,none,,,,0.0,89.404,2.5524,36.1591,0.322,0.0,594.0,387.36,0.0,11.7002
maz,303,path,,UNLABELED,114.17,101.1,115.37,99.31,1.2,1.79,2.148,0.8185,4.516,114.77,100.205,0.6704,5,1,0,1,rgb,0,0,0,0,none,,,,0.0,67.2244,14.7875,62.0207,1.8118,0.0,594.0,387.36,0.0,0.8185
maz,304,path,,UNLABELED,117.67,105.19,120.61,100.42,2.94,4.77,14.0239,5.204,20.6929,119.14,102.805,0.6164,47,1,0,1,rgb,0,0,0,0,none,,,,0.0,100.9441,1.9503,51.1736,3.2219,0.0,594.0,387.36,0.0,12.9706
maz,305,compound,,UNLABELED,121.34,105.01,124.92,100.42,3.58,4.59,16.4322,7.0298,24.7786,123.13,102.715,0.78,72,2,0,1,rgb,0,0,0,0,none,,,,0.0,88.7671,2.7421,90.0,4.59,0.0,594.0,387.36,0.0,14.1823
maz,306,path,,UNLABELED,125.34,102.63,126.7,102.21,1.36,0.42,0.5712,0.5712,3.56,126.02,102.42,3.238,5,1,0,1,rgb,0,0,0,0,none,,,,0.0,176.7539,10.8472,0.0,1.36,0.0,594.0,387.36,0.0,0.5712
maz,307,path,,UNLABELED,127.76,105.01,129.07,100.42,1.31,4.59,6.0129,2.6673,11.5721,128.415,102.715,0.2854,7,1,0,1,rgb,0,0,0,0,none,,,,0.0,95.2503,22.9218,90.0,4.59,0.0,594.0,387.36,0.0,4.2993
maz,308,path,,UNLABELED,130.83,105.01,134.15,100.33,3.32,4.68,15.5377,4.1465,16.7755,132.49,102.67,0.7094,7,1,0,1,rgb,0,0,0,0,none,,,,0.0,64.4871,3.6362,58.3926,5.4952,0.0,594.0,387.36,0.0,8.7281
maz,309,compound,,UNLABELED,134.29,105.19,137.44,100.33,3.15,4.86,15.309,5.7363,22.4422,135.865,102.76,0.6482,98,2,0,1,rgb,0,0,0,0,none,,,,0.0,90.0084,2.629,105.0194,0.4245,0.0,594.0,387.36,0.0,12.191
maz,310,compound,,UNLABELED,67.4,111.43,70.3,106.83,2.9,4.6,13.3399,6.4065,23.4898,68.85,109.13,0.6304,45,2,0,1,rgb,0,0,0,0,none,,,,0.0,92.138,3.0644,90.0,4.6,0.0,594.0,387.36,0.0,11.9239
maz,311,path,,UNLABELED,70.21,111.6,76.68,106.66,6.47,4.94,31.9618,9.0181,33.0757,73.445,109.13,1.3097,11,1,0,1,rgb,0,0,0,0,none,,,,0.0,153.2208,1.2653,112.0289,5.1456,0.0,594.0,387.36,0.0,22.2296
maz,312,path,,UNLABELED,76.53,111.43,80.14,106.83,3.61,4.6,16.606,4.403,16.4274,78.335,109.13,0.7848,10,1,0,1,rgb,0,0,0,0,none,,,,0.0,89.5414,3.1666,120.534,2.9722,0.0,594.0,387.36,0.0,9.683
maz,313,compound,,UNLABELED,82.05,111.6,85.2,106.75,3.15,4.85,15.2775,5.7188,22.4381,83.625,109.175,0.6495,98,2,0,1,rgb,0,0,0,0,none,,,,0.0,90.0099,2.6316,105.0183,0.4245,0.0,594.0,387.36,0.0,12.176
maz,314,compound,,UNLABELED,85.76,111.6,88.74,106.75,2.98,4.85,14.453,5.2424,20.012,87.25,109.175,0.6144,70,2,0,1,rgb,0,0,0,0,none,,,,0.0,75.1889,1.5681,53.4776,2.638,0.0,594.0,387.36,0.0,9.6137
maz,315,path,,UNLABELED,89.3,109.04,90.66,108.62,1.36,0.42,0.5712,0.5712,3.56,89.98,108.83,3.238,5,1,0,1,rgb,0,0,0,0,none,,,,0.0,176.7539,10.8472,0.0,1.36,0.0,594.0,387.36,0.0,0.5712
maz,316,path,,UNLABELED,91.29,111.6,94.23,106.83,2.94,4.77,14.0239,5.2034,20.7146,92.76,109.215,0.6164,47,1,0,1,rgb,0,0,0,0,none,,,,0.0,100.8791,1.9529,51.1736,3.2219,0.0,594.0,387.36,0.0,12.979
maz,317,path,,UNLABELED,94.8,111.43,98.12,106.75,3.32,4.68,15.5377,4.1368,16.7782,96.46,109.09,0.7094,7,1,0,1,rgb,0,0,0,0,none,,,,0.0,64.5256,3.6426,58.3926,5.4952,0.0,594.0,387.36,0.0,8.7302
maz,318,compound,,UNLABELED,306.67,57.12,309.65,52.27,2.98,4.85,14.453,5.2374,20.0389,308.16,54.695,0.6144,70,2,0,1,rgb,0,0,0,0,none,,,,0.0,75.8731,1.5919,53.7346,2.6542,0.0,594.0,387.36,0.0,9.6415
maz,319,path,,UNLABELED,310.21,56.95,313.53,52.27,3.32,4.68,15.5376,4.1683,16.7784,311.87,54.61,0.7094,7,1,0,1,rgb,0,0,0,0,none,,,,0.0,64.556,3.6275,58.4814,5.4899,0.0,594.0,387.36,0.0,8.7498
maz,320,compound,,UNLABELED,313.77,56.96,315.85,54.89,2.08,2.07,4.3056,2.413,10.0302,314.81,55.925,1.0048,34,2,0,1,rgb,0,0,0,0,none,,,,0.0,90.1443,1.1218,9.2472,0.4357,0.0,594.0,387.36,0.0,3.3651
maz,321,compound,,UNLABELED,316.28,57.12,319.43,52.27,3.15,4.85,15.2774,5.7235,22.4355,317.855,54.695,0.6495,98,2,0,1,rgb,0,0,0,0,none,,,,0.0,90.0118,2.6288,74.9826,0.4245,0.0,594.0,387.36,0.0,12.1786
maz,322,compound,,UNLABELED,320.0,57.12,322.8,52.27,2.8,4.85,13.5799,6.6139,24.3131,321.4,54.695,0.5773,127,3,0,1,rgb,0,0,0,0,none,,,,0.0,89.4195,2.5535,38.6615,0.3202,0.0,594.0,387.36,0.0,11.705
maz,323,path,,UNLABELED,323.71,52.95,324.39,52.27,0.68,0.68,0.4624,0.3496,2.1104,324.05,52.61,1.0,17,1,0,1,rgb,0,0,0,0,none,,,,0.0,90.0,1.1191,13.0064,0.1334,0.0,594.0,387.36,0.0,0.3496
maz,324,path,,UNLABELED,325.12,56.95,328.2,52.27,3.08,4.68,14.4143,5.1115,20.677,326.66,54.61,0.6581,67,1,0,1,rgb,0,0,0,0,none,,,,0.0,71.2396,2.6023,73.2563,2.4645,0.0,594.0,387.36,0.0,11.0948
maz,325,path,,UNLABELED,328.68,57.12,329.87,55.34,1.19,1.78,2.1182,0.8092,4.4996,329.275,56.23,0.6685,5,1,0,1,rgb,0,0,0,0,none,,,,0.0,67.3982,15.1217,62.5829,1.8025,0.0,594.0,387.36,0.0,0.8092
maz,326,path,,UNLABELED,330.13,57.12,336.59,52.19,6.46,4.93,31.8477,8.9488,33.0435,333.36,54.655,1.3103,11,1,0,1,rgb,0,0,0,0,none,,,,0.0,153.4367,1.2659,111.967,5.1326,0.0,594.0,387.36,0.0,22.1595
maz,327,compound,,UNLABELED,154.2,56.04,157.18,51.19,2.98,4.85,14.4529,5.2343,20.0354,155.69,53.615,0.6144,70,2,0,1,rgb,0,0,0,0,none,,,,0.0,75.7855,1.5922,53.7346,2.6542,0.0,594.0,387.36,0.0,9.6391
maz,328,path,,UNLABELED,157.74,55.87,161.06,51.19,3.32,4.68,15.5376,4.1683,16.7784,159.4,53.53,0.7094,7,1,0,1,rgb,0,0,0,0,none,,,,0.0,64.556,3.6275,58.4814,5.4899,0.0,594.0,387.36,0.0,8.7498
maz,329,compound,,UNLABELED,161.3,55.88,163.38,53.81,2.08,2.07,4.3056,2.413,10.0302,162.34,54.845,1.0048,34,2,0,1,rgb,0,0,0,0,none,,,,0.0,90.1443,1.1218,9.2472,0.4357,0.0,594.0,387.36,0.0,3.3651
maz,330,compound,,UNLABELED,163.81,56.04,166.96,51.19,3.15,4.85,15.2775,5.7328,22.4411,165.385,53.615,0.6495,98,2,0,1,rgb,0,0,0,0,none,,,,0.0,90.0054,2.6305,105.0172,0.4245,0.0,594.0,387.36,0.0,12.1884
maz,331,compound,,UNLABELED,167.53,56.04,170.5,51.19,2.97,4.85,14.4044,5.2615,19.9968,169.015,53.615,0.6124,70,2,0,1,rgb,0,0,0,0,none,,,,0.0,75.3517,1.5678,53.6064,2.6461,0.0,594.0,387.36,0.0,9.616
maz,332,path,,UNLABELED,171.24,51.87,171.92,51.19,0.68,0.68,0.4624,0.3496,2.1104,171.58,51.53,1.0,17,1,0,1,rgb,0,0,0,0,none,,,,0.0,90.0,1.1191,13.0064,0.1334,0.0,594.0,387.36,0.0,0.3496
maz,333,compound,,UNLABELED,172.67,56.04,175.82,51.19,3.15,4.85,15.2775,5.7293,22.4391,174.245,53.615,0.6495,98,2,0,1,rgb,0,0,0,0,none,,,,0.0,90.004,2.6309,74.9828,0.4245,0.0,594.0,387.36,0.0,12.1848
maz,334,path,,UNLABELED,176.21,56.04,177.4,54.2599,1.19,1.78,2.1182,0.8092,4.4996,176.805,55.15,0.6685,5,1,0,1,rgb,0,0,0,0,none,,,,0.0,67.3982,15.1214,62.5825,1.8025,0.0,594.0,387.36,0.0,0.8092
maz,335,path,,UNLABELED,177.66,56.04,184.12,51.11,6.46,4.93,31.8477,8.9488,33.0435,180.89,53.575,1.3103,11,1,0,1,rgb,0,0,0,0,none,,,,0.0,153.4365,1.2659,111.9672,5.1326,0.0,594.0,387.36,0.0,22.1595
maz,336,path,,UNLABELED,346.36,529.92,349.76,524.42,3.4,5.5,18.7,6.9395,23.9024,348.06,527.17,0.6182,47,1,0,1,rgb,0,0,0,0,none,,,,0.0,100.8951,1.9492,51.123,3.7123,0.0,594.0,387.36,0.0,17.3012
maz,337,compound,,UNLABELED,350.5,529.92,353.94,524.32,3.44,5.6,19.264,6.9916,23.0682,352.22,527.12,0.6143,70,2,0,1,rgb,0,0,0,0,none,,,,0.0,75.2503,1.5686,53.5045,3.0601,0.0,594.0,387.36,0.0,12.7904
maz,338,path,,UNLABELED,343.17,537.65,346.06,532.34,2.89,5.31,15.346,7.5166,25.0601,344.615,534.995,0.5443,13,1,0,1,rgb,0,0,0,0,none,,,,0.0,82.4737,2.6713,90.0,5.31,0.0,594.0,387.36,0.0,15.346
maz,339,path,,UNLABELED,346.85,537.65,349.16,532.34,2.31,5.31,12.2661,4.6197,15.24,348.005,534.995,0.435,7,1,0,1,rgb,0,0,0,0,none,,,,0.0,100.5104,10.2752,90.0,5.31,0.0,594.0,387.36,0.0,8.4429
maz,340,path,,UNLABELED,349.58,537.65,352.46,532.34,2.88,5.31,15.2928,7.4694,25.0601,351.02,534.995,0.5424,13,1,0,1,rgb,0,0,0,0,none,,,,0.0,82.5075,2.6759,90.0,5.31,0.0,594.0,387.36,0.0,15.2928
maz,341,path,,UNLABELED,352.67,537.65,357.29,532.08,4.62,5.57,25.7335,6.7048,21.9358,354.98,534.865,0.8294,7,1,0,1,rgb,0,0,0,0,none,,,,0.0,97.6536,1.9244,67.4749,6.03,0.0,594.0,387.36,0.0,12.8668
maz,342,path,,UNLABELED,342.47,545.57,345.07,540.27,2.6,5.3,13.78,5.815,19.5201,343.77,542.92,0.4906,11,1,0,1,rgb,0,0,0,0,none,,,,0.0,71.9287,3.9205,90.0,5.3,0.0,594.0,387.36,0.0,11.0944
maz,343,path,,UNLABELED,345.82,545.57,346.51,540.27,0.69,5.3,3.657,3.657,11.98,346.165,542.92,0.1302,5,1,0,1,rgb,0,0,0,0,none,,,,0.0,88.7362,60.7436,90.0,5.3,0.0,594.0,387.36,0.0,3.657
maz,344,path,,UNLABELED,347.46,545.57,350.35,540.27,2.89,5.3,15.3171,7.4877,25.0401,348.905,542.92,0.5453,13,1,0,1,rgb,0,0,0,0,none,,,,0.0,82.4533,2.6642,90.0,5.3,0.0,594.0,387.36,0.0,15.3171
maz,345,path,,UNLABELED,351.14,545.57,353.45,540.27,2.31,5.3,12.243,4.6128,15.22,352.295,542.92,0.4358,7,1,0,1,rgb,0,0,0,0,none,,,,0.0,100.5345,10.2368,90.0,5.3,0.0,594.0,387.36,0.0,8.4279
maz,346,compound,,UNLABELED,353.87,545.57,357.99,540.27,4.12,5.3,21.836,9.3018,28.596,355.93,542.92,0.7774,72,2,0,1,rgb,0,0,0,0,none,,,,0.0,88.812,2.7461,90.0,5.3,0.0,594.0,387.36,0.0,18.8438
maz,347,path,,UNLABELED,315.92,565.92,318.08,558.4,2.16,7.52,16.2432,4.1836,17.4646,317.0,562.16,0.2872,49,1,0,1,rgb,0,0,0,0,none,,,,0.0,88.4002,11.9679,71.5658,0.5692,0.0,594.0,387.36,0.0,11.5423
maz,348,path,,UNLABELED,318.56,565.68,325.53,559.44,6.97,6.24,43.4928,16.5509,59.4338,322.045,562.56,1.117,71,1,0,1,rgb,0,0,0,0,none,,,,0.0,73.4437,1.0864,73.6317,6.1388,0.0,594.0,387.36,0.0,43.0606
maz,349,compound,,UNLABELED,325.93,565.92,332.18,559.55,6.25,6.37,39.8125,10.1326,35.8921,329.055,562.735,0.9812,48,2,0,1,rgb,0,0,0,0,none,,,,0.0,162.6671,1.167,108.8246,5.5784,0.0,594.0,387.36,0.0,22.3835
maz,350,path,,UNLABELED,332.69,565.68,337.56,559.55,4.87,6.13,29.8533,10.8508,37.2483,335.125,562.615,0.7945,37,1,0,1,rgb,0,0,0,0,none,,,,0.0,111.5241,2.389,54.8112,6.6809,0.0,594.0,387.36,0.0,28.2597
maz,351,path,,UNLABELED,338.39,565.92,340.55,558.4,2.16,7.52,16.2432,4.2156,17.4684,339.47,562.16,0.2872,49,1,0,1,rgb,0,0,0,0,none,,,,0.0,86.3139,12.3518,71.8788,0.5787,0.0,594.0,387.36,0.0,11.5563
maz,352,path,,UNLABELED,341.38,565.92,343.54,558.4,2.16,7.52,16.2432,4.1847,17.4615,342.46,562.16,0.2872,49,1,0,1,rgb,0,0,0,0,none,,,,0.0,88.3978,11.9568,71.5658,0.5692,0.0,594.0,387.36,0.0,11.5351
maz,353,path,,UNLABELED,343.93,565.68,349.08,559.55,5.15,6.13,31.5695,9.7476,32.7819,346.505,562.615,0.8401,49,1,0,1,rgb,0,0,0,0,none,,,,0.0,92.5684,2.269,0.0,4.99,0.0,594.0,387.36,0.0,27.2166
maz,354,path,,UNLABELED,349.16,565.68,353.31,559.44,4.15,6.24,25.896,7.5107,24.9743,351.235,562.56,0.6651,66,1,0,1,rgb,0,0,0,0,none,,,,0.0,73.0385,6.5234,90.0,3.55,0.0,594.0,387.36,0.0,18.3243
maz,355,path,,UNLABELED,353.92,565.68,360.89,559.44,6.97,6.24,43.4928,16.6472,59.4317,357.405,562.56,1.117,71,1,0,1,rgb,0,0,0,0,none,,,,0.0,73.1508,1.0856,73.6314,6.1388,0.0,594.0,387.36,0.0,43.0899
maz,356,path,,UNLABELED,361.46,565.68,366.32,559.55,4.86,6.13,29.7919,10.786,37.2512,363.89,562.615,0.7928,37,1,0,1,rgb,0,0,0,0,none,,,,0.0,111.5733,2.3912,54.8112,6.6809,0.0,594.0,387.36,0.0,28.2275
maz,357,path,,UNLABELED,367.15,565.92,369.32,558.4,2.17,7.52,16.3185,4.2162,17.4749,368.235,562.16,0.2886,49,1,0,1,rgb,0,0,0,0,none,,,,0.0,86.3229,12.3437,71.8788,0.5787,0.0,594.0,387.36,0.0,11.5712
maz,358,path,,UNLABELED,315.92,34.92,318.08,27.4,2.16,7.52,16.2433,4.1834,17.4627,317.0,31.16,0.2872,49,1,0,1,rgb,0,0,0,0,none,,,,0.0,88.4085,11.9779,71.5651,0.5692,0.0,594.0,387.36,0.0,11.5463
maz,359,path,,UNLABELED,318.56,34.68,325.53,28.44,6.97,6.24,43.4927,16.5465,59.4432,322.045,31.56,1.117,71,1,0,1,rgb,0,0,0,0,none,,,,0.0,73.6104,1.0862,73.6317,6.1388,0.0,594.0,387.36,0.0,43.0606
maz,360,compound,,UNLABELED,325.93,34.92,332.18,28.55,6.25,6.37,39.8125,10.1177,35.8964,329.055,31.735,0.9812,48,2,0,1,rgb,0,0,0,0,none,,,,0.0,162.5264,1.1671,108.7916,5.5878,0.0,594.0,387.36,0.0,22.3835
maz,361,path,,UNLABELED,332.69,34.68,337.56,28.55,4.87,6.13,29.8533,10.8443,37.2526,335.125,31.615,0.7945,37,1,0,1,rgb,0,0,0,0,none,,,,0.0,111.5213,2.3914,54.8113,6.6809,0.0,594.0,387.36,0.0,28.2598
maz,362,path,,UNLABELED,338.39,34.92,340.55,27.4,2.16,7.52,16.2433,4.2154,17.4693,339.47,31.16,0.2872,49,1,0,1,rgb,0,0,0,0,none,,,,0.0,86.3151,12.3582,71.8785,0.5787,0.0,594.0,387.36,0.0,11.5586
maz,363,path,,UNLABELED,341.38,34.92,343.54,27.4,2.16,7.52,16.2433,4.1846,17.4598,342.46,31.16,0.2872,49,1,0,1,rgb,0,0,0,0,none,,,,0.0,88.4061,11.9667,71.5651,0.5692,0.0,594.0,387.36,0.0,11.5391
maz,364,path,,UNLABELED,343.93,34.68,349.08,28.55,5.15,6.13,31.5695,9.7479,32.7856,346.505,31.615,0.8401,49,1,0,1,rgb,0,0,0,0,none,,,,0.0,92.57,2.2695,0.0,4.99,0.0,594.0,387.36,0.0,27.2166
maz,365,path,,UNLABELED,349.16,34.68,353.31,28.44,4.15,6.24,25.8959,7.508,24.9594,351.235,31.56,0.6651,66,1,0,1,rgb,0,0,0,0,none,,,,0.0,73.0359,6.5282,90.0,3.55,0.0,594.0,387.36,0.0,18.3205
maz,366,path,,UNLABELED,353.92,34.68,360.89,28.44,6.97,6.24,43.4927,16.6428,59.442,357.405,31.56,1.117,71,1,0,1,rgb,0,0,0,0,none,,,,0.0,73.3181,1.0854,73.6315,6.1388,0.0,594.0,387.36,0.0,43.0899
maz,367,path,,UNLABELED,361.46,34.68,366.32,28.55,4.86,6.13,29.7919,10.7796,37.256,363.89,31.615,0.7928,37,1,0,1,rgb,0,0,0,0,none,,,,0.0,111.5705,2.3937,54.8113,6.6809,0.0,594.0,387.36,0.0,28.2275
maz,368,path,,UNLABELED,367.15,34.92,369.32,27.4,2.17,7.52,16.3185,4.2161,17.4759,368.235,31.16,0.2886,49,1,0,1,rgb,0,0,0,0,none,,,,0.0,86.3241,12.3502,71.8785,0.5787,0.0,594.0,387.36,0.0,11.5737
maz,369,path,,UNLABELED,18.33,27.51,21.28,22.74,2.95,4.77,14.0716,5.2163,20.7127,19.805,25.125,0.6184,47,1,0,1,rgb,0,0,0,0,none,,,,0.0,100.8347,1.9551,51.0354,3.2282,0.0,594.0,387.36,0.0,12.9952
maz,370,compound,,UNLABELED,21.84,27.51,24.82,22.66,2.98,4.85,14.4529,5.2189,20.0409,23.33,25.085,0.6144,70,2,0,1,rgb,0,0,0,0,none,,,,0.0,75.8115,1.5892,53.7347,2.6542,0.0,594.0,387.36,0.0,9.6386
maz,371,compound,,UNLABELED,25.3,27.5099,28.45,22.66,3.15,4.85,15.2774,5.7301,22.4437,26.875,25.085,0.6495,98,2,0,1,rgb,0,0,0,0,none,,,,0.0,89.9985,2.6289,103.7079,0.422,0.0,594.0,387.36,0.0,12.1919
maz,372,path,,UNLABELED,28.96,27.51,31.91,22.74,2.95,4.77,14.0716,5.2109,20.7423,30.435,25.125,0.6184,47,1,0,1,rgb,0,0,0,0,none,,,,0.0,100.7799,1.9493,51.0354,3.2282,0.0,594.0,387.36,0.0,13.0162
maz,373,path,,UNLABELED,32.51,27.51,35.45,22.74,2.94,4.77,14.0239,5.2078,20.7053,33.98,25.125,0.6163,47,1,0,1,rgb,0,0,0,0,none,,,,0.0,100.8838,1.9526,51.1737,3.2219,0.0,594.0,387.36,0.0,12.9815
maz,374,path,,UNLABELED,18.33,571.17,21.28,566.4,2.95,4.77,14.0715,5.2146,20.6962,19.805,568.785,0.6184,47,1,0,1,rgb,0,0,0,0,none,,,,0.0,100.8578,1.9566,51.0353,3.2282,0.0,594.0,387.36,0.0,12.9997
maz,375,compound,,UNLABELED,21.84,571.17,24.82,566.32,2.98,4.85,14.453,5.2139,20.0455,23.33,568.745,0.6144,70,2,0,1,rgb,0,0,0,0,none,,,,0.0,75.7184,1.5909,53.7346,2.6541,0.0,594.0,387.36,0.0,9.6309
maz,376,compound,,UNLABELED,25.3,571.17,28.45,566.32,3.15,4.85,15.2775,5.7271,22.4407,26.875,568.745,0.6495,98,2,0,1,rgb,0,0,0,0,none,,,,0.0,89.9985,2.6281,112.3062,0.4215,0.0,594.0,387.36,0.0,12.189
maz,377,path,,UNLABELED,28.96,571.17,31.91,566.4,2.95,4.77,14.0715,5.2091,20.7258,30.435,568.785,0.6184,47,1,0,1,rgb,0,0,0,0,none,,,,0.0,100.8031,1.9508,51.0353,3.2282,0.0,594.0,387.36,0.0,13.0207
maz,378,path,,UNLABELED,32.51,571.17,35.45,566.4,2.94,4.77,14.0238,5.206,20.6885,33.98,568.785,0.6164,47,1,0,1,rgb,0,0,0,0,none,,,,0.0,100.9069,1.9541,51.1736,3.2219,0.0,594.0,387.36,0.0,12.986
maz,379,compound,,UNLABELED,92.07,283.6,95.35,278.82,3.28,4.78,15.6784,5.7391,22.4363,93.71,281.21,0.6862,98,2,0,1,rgb,0,0,0,0,none,,,,0.0,103.4294,2.6287,81.8695,0.4243,0.0,594.0,387.36,0.0,12.1903
maz,380,compound,,UNLABELED,95.57,284.43,98.81,279.63,3.24,4.8,15.552,6.6103,24.346,97.19,282.03,0.675,127,3,0,1,rgb,0,0,0,0,none,,,,0.0,102.8393,2.5519,49.9699,0.3265,0.0,594.0,387.36,0.0,11.7249
maz,381,compound,,UNLABELED,98.98,285.27,101.95,280.39,2.97,4.88,14.4936,5.2481,20.0101,100.465,282.83,0.6086,70,2,0,1,rgb,0,0,0,0,none,,,,0.0,88.813,1.5692,67.0294,2.6393,0.0,594.0,387.36,0.0,9.6174
maz,382,path,,UNLABELED,103.33,281.78,104.0,281.11,0.67,0.67,0.4489,0.3541,2.1245,103.665,281.445,1.0,17,1,0,1,rgb,0,0,0,0,none,,,,0.0,103.9961,1.1163,4.0896,0.1404,0.0,594.0,387.36,0.0,0.3541
maz,383,path,,UNLABELED,103.8,286.71,107.03,281.49,3.23,5.22,16.8606,4.1714,16.7978,105.415,284.1,0.6188,7,1,0,1,rgb,0,0,0,0,none,,,,0.0,77.9588,3.6337,71.8619,5.493,0.0,594.0,387.36,0.0,8.7734
maz,384,compound,,UNLABELED,107.48,287.04,109.54,284.97,2.06,2.07,4.2641,2.409,10.0229,108.51,286.005,0.9952,34,2,0,1,rgb,0,0,0,0,none,,,,0.0,104.125,1.1255,23.0237,0.4346,0.0,594.0,387.36,0.0,3.3601
maz,385,path,,UNLABELED,281.52,329.32,285.13,324.29,3.61,5.03,18.1584,5.2023,20.6949,283.325,326.805,0.7177,47,1,0,1,rgb,0,0,0,0,none,,,,0.0,114.3344,1.9542,64.6284,3.2206,0.0,594.0,387.36,0.0,12.9818
maz,386,compound,,UNLABELED,285.31,330.22,288.29,325.33,2.98,4.89,14.5721,5.2343,20.0482,286.8,327.775,0.6094,70,2,0,1,rgb,0,0,0,0,none,,,,0.0,89.3148,1.5922,67.1978,2.6577,0.0,594.0,387.36,0.0,9.6392
maz,387,compound,,UNLABELED,288.41,330.97,291.38,326.09,2.97,4.88,14.4936,5.2439,19.9948,289.895,328.53,0.6086,70,2,0,1,rgb,0,0,0,0,none,,,,0.0,88.8703,1.5679,67.0294,2.6393,0.0,594.0,387.36,0.0,9.6046
maz,388,path,,UNLABELED,292.76,327.47,293.43,326.8,0.67,0.67,0.4489,0.3537,2.1229,293.095,327.135,1.0,17,1,0,1,rgb,0,0,0,0,none,,,,0.0,101.1852,1.1084,4.0892,0.1404,0.0,594.0,387.36,0.0,0.3537
maz,389,path,,UNLABELED,293.23,332.41,296.45,327.19,3.22,5.22,16.8084,4.1382,16.7657,294.84,329.8,0.6169,7,1,0,1,rgb,0,0,0,0,none,,,,0.0,77.9911,3.6356,71.961,5.4899,0.0,594.0,387.36,0.0,8.7357
maz,390,compound,,UNLABELED,296.91,332.73,298.97,330.67,2.06,2.06,4.2436,2.4072,10.0172,297.94,331.7,1.0,34,2,0,1,rgb,0,0,0,0,none,,,,0.0,103.2153,1.1192,24.2272,0.4386,0.0,594.0,387.36,0.0,3.3569
maz,391,path,,UNLABELED,23.79,523.2,25.1,518.6,1.31,4.6,6.026,2.6724,11.5921,24.445,520.9,0.2848,7,1,0,1,rgb,0,0,0,0,none,,,,0.0,95.2382,23.0276,90.0,4.6,0.0,594.0,387.36,0.0,4.3084
maz,392,path,,UNLABELED,26.89,523.37,29.84,518.6,2.95,4.77,14.0715,5.2256,20.725,28.365,520.985,0.6184,47,1,0,1,rgb,0,0,0,0,none,,,,0.0,100.8674,1.9561,51.1736,3.2219,0.0,594.0,387.36,0.0,13.025
maz,393,path,,UNLABELED,30.43,523.37,33.38,518.6,2.95,4.77,14.0715,5.2199,20.7042,31.905,520.985,0.6184,47,1,0,1,rgb,0,0,0,0,none,,,,0.0,100.8508,1.957,51.0353,3.2282,0.0,594.0,387.36,0.0,13.0077
maz,394,path,,UNLABELED,34.2,519.2,34.88,518.52,0.68,0.68,0.4624,0.352,2.1179,34.54,518.86,1.0,17,1,0,1,rgb,0,0,0,0,none,,,,0.0,89.7619,1.1039,53.9735,0.136,0.0,594.0,387.36,0.0,0.352
maz,395,compound,,UNLABELED,35.8,523.37,38.61,518.52,2.81,4.85,13.6285,6.609,24.33,37.205,520.945,0.5794,127,3,0,1,rgb,0,0,0,0,none,,,,0.0,89.4091,2.5506,37.569,0.328,0.0,594.0,387.36,0.0,11.7152
maz,396,path,,UNLABELED,23.23,530.58,26.87,525.73,3.64,4.85,17.654,5.0931,20.0641,25.05,528.155,0.7505,75,1,0,1,rgb,0,0,0,0,none,,,,0.0,87.3257,2.3133,90.0,0.68,0.0,594.0,387.36,0.0,14.8783
maz,397,path,,UNLABELED,27.12,530.41,29.91,525.81,2.79,4.6,12.834,3.836,14.78,28.515,528.11,0.6065,9,1,0,1,rgb,0,0,0,0,none,,,,0.0,89.3302,3.4463,90.0,4.09,0.0,594.0,387.36,0.0,8.335
maz,398,compound,,UNLABELED,29.82,530.64,34.24,525.81,4.42,4.83,21.3486,5.9721,22.3323,32.03,528.225,0.9151,12,2,0,1,rgb,0,0,0,0,none,,,,0.0,90.218,1.2367,65.4132,5.3116,0.0,594.0,387.36,0.0,10.6743
maz,399,path,,UNLABELED,34.64,530.41,36.9,525.81,2.26,4.6,10.396,4.3868,16.94,35.77,528.11,0.4913,11,1,0,1,rgb,0,0,0,0,none,,,,0.0,71.8739,3.9181,90.0,4.6,0.0,594.0,387.36,0.0,8.3528
maz,400,path,,UNLABELED,37.29,531.09,40.27,525.03,2.98,6.06,18.0588,3.0159,13.7567,38.78,528.06,0.4917,5,1,0,1,rgb,0,0,0,0,none,,,,0.0,67.29,190.63,66.6258,6.4275,0.0,594.0,387.36,0.0,3.0159
maz,401,path,,UNLABELED,40.84,530.41,44.24,525.73,3.4,4.68,15.912,6.0296,22.1296,42.54,528.07,0.7265,51,1,0,1,rgb,0,0,0,0,none,,,,0.0,105.3205,1.377,90.0,2.91,0.0,594.0,387.36,0.0,14.7342
maz,402,path,,UNLABELED,45.02,530.63,49.02,525.62,4.0,5.01,20.04,7.4873,27.5524,47.02,528.125,0.7984,9,1,0,1,rgb,0,0,0,0,none,,,,0.0,67.7053,1.7656,132.9691,4.9882,0.0,594.0,387.36,0.0,19.22
maz,403,path,,UNLABELED,49.83,530.41,50.43,525.81,0.6,4.6,2.76,2.76,10.4,50.13,528.11,0.1304,5,1,0,1,rgb,0,0,0,0,none,,,,0.0,88.7337,60.5155,90.0,4.6,0.0,594.0,387.36,0.0,2.76
maz,404,path,,UNLABELED,51.0,530.58,54.64,525.73,3.64,4.85,17.654,5.1007,20.0513,52.82,528.155,0.7505,75,1,0,1,rgb,0,0,0,0,none,,,,0.0,87.3289,2.3167,90.0,0.68,0.0,594.0,387.36,0.0,14.8688
maz,405,compound,,UNLABELED,54.97,530.58,59.82,525.73,4.85,4.85,23.5225,7.4903,27.0448,57.395,528.155,1.0,114,2,0,1,rgb,0,0,0,0,none,,,,0.0,90.0067,1.0726,117.2555,0.3712,0.0,594.0,387.36,0.0,18.5093
maz,406,path,,UNLABELED,60.04,530.67,65.1,525.73,5.06,4.94,24.9964,8.2858,32.2848,62.57,528.2,1.0243,13,1,0,1,rgb,0,0,0,0,none,,,,0.0,89.8083,1.3834,100.9468,4.9501,0.0,594.0,387.36,0.0,20.2256
maz,407,path,,UNLABELED,23.79,537.61,25.1,533.02,1.31,4.59,6.0129,2.6673,11.5721,24.445,535.315,0.2854,7,1,0,1,rgb,0,0,0,0,none,,,,0.0,95.2503,22.9218,90.0,4.59,0.0,594.0,387.36,0.0,4.2993
maz,408,path,,UNLABELED,26.89,537.78,29.84,533.02,2.95,4.76,14.042,5.2206,20.7117,28.365,535.4,0.6197,47,1,0,1,rgb,0,0,0,0,none,,,,0.0,100.9885,1.9502,51.0618,3.2141,0.0,594.0,387.36,0.0,12.9994
maz,409,path,,UNLABELED,30.87,537.61,32.19,533.02,1.32,4.59,6.0588,2.6724,11.5921,31.53,535.315,0.2876,7,1,0,1,rgb,0,0,0,0,none,,,,0.0,95.3114,22.5515,90.0,4.59,0.0,594.0,387.36,0.0,4.3248
maz,410,path,,UNLABELED,34.2,533.61,34.88,532.93,0.68,0.68,0.4624,0.352,2.1179,34.54,533.27,1.0,17,1,0,1,rgb,0,0,0,0,none,,,,0.0,89.7619,1.1039,53.9735,0.136,0.0,594.0,387.36,0.0,0.352
maz,411,path,,UNLABELED,35.71,537.61,39.03,532.93,3.32,4.68,15.5376,4.149,16.7936,37.37,535.27,0.7094,7,1,0,1,rgb,0,0,0,0,none,,,,0.0,64.4744,3.6206,58.4814,5.4899,0.0,594.0,387.36,0.0,8.7498
maz,412,path,,UNLABELED,23.23,544.99,26.87,540.14,3.64,4.85,17.654,5.0886,20.0456,25.05,542.565,0.7505,75,1,0,1,rgb,0,0,0,0,none,,,,0.0,87.3262,2.3125,90.0,0.68,0.0,594.0,387.36,0.0,14.8744
maz,413,path,,UNLABELED,27.53,544.82,29.53,540.22,2.0,4.6,9.2,3.474,13.2,28.53,542.52,0.4348,7,1,0,1,rgb,0,0,0,0,none,,,,0.0,100.4862,10.2887,90.0,4.6,0.0,594.0,387.36,0.0,6.337
maz,414,path,,UNLABELED,29.89,545.04,33.9,540.03,4.01,5.01,20.0901,7.517,27.5692,31.895,542.535,0.8004,9,1,0,1,rgb,0,0,0,0,none,,,,0.0,67.6041,1.7609,133.0531,4.9951,0.0,594.0,387.36,0.0,19.2681
maz,415,path,,UNLABELED,34.45,544.99,38.09,540.14,3.64,4.85,17.654,5.0942,20.0321,36.27,542.565,0.7505,75,1,0,1,rgb,0,0,0,0,none,,,,0.0,87.3342,2.3158,90.0,0.68,0.0,594.0,387.36,0.0,14.8629
maz,416,compound,,UNLABELED,40.53,544.82,44.11,540.22,3.58,4.6,16.468,7.019,24.7857,42.32,542.52,0.7783,72,2,0,1,rgb,0,0,0,0,none,,,,0.0,88.8101,2.7462,90.0,4.6,0.0,594.0,387.36,0.0,14.1691
maz,417,path,,UNLABELED,44.61,544.82,47.11,540.22,2.5,4.6,11.5,5.6057,21.72,45.86,542.52,0.5435,13,1,0,1,rgb,0,0,0,0,none,,,,0.0,82.5058,2.6707,90.0,4.6,0.0,594.0,387.36,0.0,11.5
maz,418,path,,UNLABELED,47.8,544.82,49.8,540.22,2.0,4.6,9.2,3.474,13.2,48.8,542.52,0.4348,7,1,0,1,rgb,0,0,0,0,none,,,,0.0,100.4862,10.2887,90.0,4.6,0.0,594.0,387.36,0.0,6.337
maz,419,compound,,UNLABELED,252.28,308.09,257.46,303.76,5.18,4.33,22.4293,5.9673,22.3287,254.87,305.925,1.1963,12,2,0,1,rgb,0,0,0,0,none,,,,0.0,12.2564,1.2374,36.4391,5.3202,0.0,594.0,387.36,0.0,10.6882
maz,420,compound,,UNLABELED,253.65,303.91,258.48,300.67,4.83,3.24,15.6492,5.1391,19.8734,256.065,302.29,1.4908,15,2,0,1,rgb,0,0,0,0,none,,,,0.0,6.0299,2.3592,157.9005,4.9971,0.0,594.0,387.36,0.0,8.3102
maz,421,compound,,UNLABELED,219.2,300.71,224.38,296.38,5.18,4.33,22.4294,5.9863,22.3363,221.79,298.545,1.1963,12,2,0,1,rgb,0,0,0,0,none,,,,0.0,12.1018,1.2409,36.3523,5.3142,0.0,594.0,387.36,0.0,10.6984
maz,422,path,,UNLABELED,220.33,296.74,225.16,293.56,4.83,3.18,15.3595,5.0405,20.4442,222.745,295.15,1.5189,98,1,0,1,rgb,0,0,0,0,none,,,,0.0,11.2208,3.6762,102.0943,0.5727,0.0,594.0,387.36,0.0,11.8734
maz,423,compound,,UNLABELED,141.12,281.87,146.3,277.54,5.18,4.33,22.4294,5.977,22.3148,143.71,279.705,1.1963,12,2,0,1,rgb,0,0,0,0,none,,,,0.0,12.0517,1.2378,36.3523,5.3142,0.0,594.0,387.36,0.0,10.6837
maz,424,path,,UNLABELED,142.08,277.93,147.09,274.41,5.01,3.52,17.6353,5.2146,20.6899,144.585,276.17,1.4233,47,1,0,1,rgb,0,0,0,0,none,,,,0.0,22.6825,1.9505,152.8786,3.2246,0.0,594.0,387.36,0.0,12.9705
maz,425,compound,,UNLABELED,69.06,264.28,74.24,259.95,5.18,4.33,22.4293,6.0012,22.3285,71.65,262.115,1.1963,12,2,0,1,rgb,0,0,0,0,none,,,,0.0,12.2692,1.2406,36.3523,5.3142,0.0,594.0,387.36,0.0,10.7023
maz,426,path,,UNLABELED,70.27,260.1,74.87,257.98,4.6,2.12,9.752,2.6794,11.5904,72.57,259.04,2.1698,7,1,0,1,rgb,0,0,0,0,none,,,,0.0,17.0664,22.9645,11.7988,4.5971,0.0,594.0,387.36,0.0,4.3108
maz,427,compound,,UNLABELED,109.87,265.17,114.16,259.95,4.29,5.22,22.3938,5.9711,22.3323,112.015,262.56,0.8218,12,2,0,1,rgb,0,0,0,0,none,,,,0.0,103.8568,1.2395,79.2611,5.3131,0.0,594.0,387.36,0.0,10.6759
maz,428,compound,,UNLABELED,237.58,295.73,241.88,290.51,4.3,5.22,22.4459,5.99,22.3519,239.73,293.12,0.8238,12,2,0,1,rgb,0,0,0,0,none,,,,0.0,104.1923,1.2354,128.5083,5.3162,0.0,594.0,387.36,0.0,10.6983
maz,429,path,,UNLABELED,5.0,357.6787,12.7,357.6787,7.7,0.0,0.0,0.0,15.4,8.85,357.6787,0.0,5,1,0,1,rgb,255,255,255,0,none,,,,0.0,0.0,1000000.0,0.0,7.7,0.0,594.0,387.36,0.0,0.0
maz,430,path,,UNLABELED,5.0,357.6787,12.7,239.0,7.7,118.6787,913.8261,913.8261,252.7574,8.85,298.3394,0.0649,5,1,0,1,rgb,255,255,255,0,none,,,,0.0,90.6221,244.3997,90.0,118.6787,0.0,594.0,387.36,0.0,913.8261
maz,431,path,,UNLABELED,374.36,239.0,382.06,239.0,7.7,0.0,0.0,0.0,15.4,378.21,239.0,0.0,5,1,0,1,rgb,255,255,255,0,none,,,,0.0,0.0,1000000.0,0.0,7.7,0.0,594.0,387.36,0.0,0.0
maz,432,path,,UNLABELED,375.06,357.6787,382.06,239.0,7.0,118.6787,830.751,830.751,251.3574,378.56,298.3394,0.059,5,1,0,1,rgb,255,255,255,0,none,,,,0.0,90.5651,295.7115,90.0,118.6787,0.0,594.0,387.36,0.0,830.751
